cell_id,gnb_id,rsrp_dbm,sinr_db,prb_util_pct,active_ues,trust_score,attack_flag,ho_count,throughput_mbps,latency_ms
CELL_001,GNB_01,-91.54660352365035,16.07167437423566,30.465886921611755,191,0.7843661730606344,0,0,500.0,14.965202881827745
CELL_002,GNB_02,-112.54317749936759,3.720174587435531,83.26231254659292,72,0.8493665674771972,0,150,500.0,10.376468831722052
CELL_003,GNB_03,-98.2972832996978,7.245001749350324,43.51186522195853,113,0.7742298762646047,0,0,500.0,9.042152228287424
CELL_004,GNB_04,-93.88576894289152,3.0342330796737604,61.05639646372732,108,0.9714526353141993,0,100,500.0,5.740180571775401
CELL_005,GNB_05,-119.21061780858264,-1.020669965512998,19.189546923249623,171,0.7477362670987853,0,198,160.29478899963303,6.9388393207491035
CELL_006,GNB_06,-104.54859630982361,10.980870414930097,81.04671512444631,93,0.7130240796237753,0,0,500.0,11.112451482754844
CELL_007,GNB_07,-91.84230660870278,11.071450172508634,73.8416214578106,64,0.8261781474008809,0,0,500.0,6.868367641951139
CELL_008,GNB_08,-99.8626265166304,7.250486906862119,55.23779208993379,14,0.9877889135761928,0,0,500.0,25.690033563883993
CELL_009,GNB_09,-96.14314816682918,9.951796139336674,43.59922710597789,79,0.958586407213925,0,0,500.0,28.825008437982724
CELL_010,GNB_10,-121.15308440522338,6.588884566415485,6.019676289947384,166,0.9170963256425153,0,0,500.0,18.777065989120988
CELL_011,GNB_11,-86.66684347238002,8.536159574011913,34.00013142108748,11,0.9583298223547723,0,53,500.0,16.12968839332173
CELL_012,GNB_12,-84.60159505534807,19.625438080437625,88.0763753300318,180,0.9590995255123803,0,0,500.0,22.658418295778052
CELL_013,GNB_01,-89.45570473029132,6.929684268066969,64.06674302074664,113,0.8504689245120702,0,76,500.0,35.625172978211296
CELL_014,GNB_02,-84.5053234746508,11.310072763141134,37.0642914530639,36,0.79161942503093,0,0,500.0,34.78960693877721
CELL_015,GNB_03,-84.65966884081473,17.21393627297093,60.35825218626857,67,0.9238836053121865,0,0,500.0,6.521627170447718
CELL_016,GNB_04,-105.07136131721977,12.799763914027132,44.09643542266735,115,0.8918817663186507,0,0,500.0,11.352444335878342
CELL_017,GNB_05,-86.5657850843255,19.212271994307265,48.887062453068964,69,0.8083607413733759,0,0,500.0,13.286070488653861
CELL_018,GNB_06,-94.21589248009612,21.603515060356877,86.53573476826357,30,0.7273953337378394,0,0,500.0,13.728565154127415
CELL_019,GNB_07,-80.6367503807083,15.146806111313447,89.9633291528907,136,0.9165689872912175,0,0,500.0,24.993142810997046
CELL_020,GNB_08,-92.37250152224837,11.70617821377171,73.25746324252898,137,0.7761135496176307,0,19,500.0,19.569184899611727
CELL_021,GNB_09,-109.09163996420435,7.881385369057639,6.636485785666177,32,0.9716758136547959,0,0,500.0,6.723894197465789
CELL_022,GNB_10,-97.01476190940477,13.331928006143125,69.08077859490261,63,0.7698814667516485,0,0,500.0,18.076494846085005
CELL_023,GNB_11,-85.31069682121813,5.560883362903448,54.74245303272939,56,0.7355998003993309,0,1,500.0,23.331353205117303
CELL_024,GNB_12,-103.22584815934837,1.673822394784003,35.69208841729619,135,0.9410226749162227,0,173,500.0,8.558516601630059
CELL_025,GNB_01,-108.38956022823436,0.7607801360389942,14.34365230149957,148,0.7444524518211032,0,156,399.62052810154336,34.17104938259959
CELL_026,GNB_02,-86.84550009705772,21.80018259150088,81.52033848639698,148,0.7519878093657443,0,0,500.0,6.818665326278649
CELL_027,GNB_03,-83.69772539607803,17.4079960933496,45.97618749669747,188,0.8738210095410446,0,0,500.0,37.36946541563217
CELL_028,GNB_04,-95.79958686015404,12.970333853627745,37.22898457111562,156,0.9536229918428647,0,0,500.0,8.468959955295642
CELL_029,GNB_05,-95.60079090311204,4.140020855674532,64.15603437689113,70,0.7569660530572262,0,131,500.0,34.52512330592135
CELL_030,GNB_06,-93.50326283026577,11.492811219164329,22.172015150866653,30,0.7899938651410274,0,0,500.0,36.59286003746659
CELL_031,GNB_07,-74.80307301279367,17.170449423331767,36.41666533082859,126,0.9254474030899414,0,0,500.0,39.284973820530745
CELL_032,GNB_08,-97.44773376793013,10.988991543496656,57.937295541151975,184,0.9818296635576805,0,0,500.0,33.07090580957578
CELL_033,GNB_09,-103.49278281200797,11.353982201496633,15.586108180761022,195,0.8452149439986792,0,0,500.0,32.28171392699652
CELL_034,GNB_10,-100.38050344376843,9.443489216143117,79.2728017099896,53,0.7417302757398627,0,0,500.0,27.486914659844167
CELL_035,GNB_11,-85.43834312085178,13.273945099537507,70.30974004383805,54,0.7040415234353784,0,0,500.0,32.26487241023452
CELL_036,GNB_12,-78.53173975578731,15.048965131638653,65.60046128024176,17,0.766600248699668,0,0,500.0,9.709327294460149
CELL_037,GNB_01,-104.45523380250046,0.3250323445471498,26.976082351346736,36,0.7382284431580911,0,169,400.65599190443186,23.762381258167306
CELL_038,GNB_02,-96.97489071395783,17.599103138422915,37.18943593425682,115,0.8965210153477287,0,0,500.0,22.997800456664507
CELL_039,GNB_03,-109.45098399775507,4.416232117502905,51.329771887069334,113,0.735331426342274,0,34,500.0,35.015025044289516
CELL_040,GNB_04,-90.50407850148576,11.589923390916294,46.575470202963295,80,0.8468356801699836,0,0,500.0,21.197977795773056
CELL_041,GNB_05,-93.1504790490684,11.672725015398955,53.30907223936417,68,0.9013361063364371,0,0,500.0,18.478132363512373
CELL_042,GNB_06,-94.08913695850055,11.943075143521641,13.515896312205971,167,0.8685238166740616,0,0,500.0,27.384714493298855
CELL_043,GNB_07,-102.65049408003586,13.775981263713092,41.44477844453541,97,0.7579349389814167,0,0,500.0,14.326216112529613
CELL_044,GNB_08,-92.23027433085828,12.115862633858177,52.4838699432978,163,0.9331961125928562,0,0,500.0,9.89189438338849
CELL_045,GNB_09,-105.96619336436504,1.9503885481186183,36.603987840196,193,0.9074680675885824,0,47,500.0,21.725704590831104
CELL_046,GNB_10,-112.58877721455562,-1.2907817134571413,5.0,70,0.9143053611355071,0,114,494.532767197595,19.591127900820975
CELL_047,GNB_11,-90.99546187056619,1.5853997674420346,38.5197237495782,48,0.7380067479516208,0,198,500.0,13.139947918510579
CELL_048,GNB_12,-91.78671987215326,5.714114796317487,40.7669255776782,191,0.7358886030585999,0,174,479.6379314835706,17.86291335402948
