mean_sinr,mean_rsrp,mean_prb,mean_trust,total_ho,attacks_active,ho_triggers,mitigations,mean_throughput,mean_latency
11.41435062289658,-94.30289621303343,50.0295988363178,0.8408544039183989,3,0,3,0,183.2069670855877,20.2312212142252
11.43733764216546,-94.26841568413012,50.1445339326622,0.8408544039183989,6,0,3,0,188.92563590667046,20.2312212142252
11.38266984285437,-94.35041738309674,49.87119493610675,0.8408544039183989,9,0,3,0,194.6169708280976,20.2312212142252
11.43960608229679,-94.26501302393312,50.15587613331885,0.8408544039183989,12,0,3,0,200.33677386924603,20.2312212142252
11.3921470351665,-94.33620159462856,49.9185808976674,0.8408544039183989,16,0,4,0,206.03284738682927,20.2312212142252
11.374528608629044,-94.36262923443473,49.830488764980124,0.8408544039183989,19,0,3,0,211.72011169114379,20.2312212142252
11.320304228184776,-94.44396580510113,49.559366862758786,0.8408544039183989,23,0,4,0,217.38026380523615,20.2312212142252
11.317708134129006,-94.44785994618479,49.54638639247994,0.8408544039183989,26,0,3,0,223.03911787230072,20.2312212142252
11.239617400033056,-94.56499604732873,49.15593272200018,0.8408544039183989,29,0,3,0,228.65892657231723,20.2312212142252
11.294698863748721,-94.48237385175521,49.4313400405785,0.8408544039183989,32,0,3,0,234.30627600419157,20.2312212142252
11.252875586514504,-94.54510876760655,49.22222365440742,0.8408544039183989,35,0,3,0,239.93271379744883,20.2312212142252
11.259119963413342,-94.5357422022583,49.253445538901616,0.8408544039183989,38,0,3,0,245.5622737791555,20.2312212142252
11.228228617048535,-94.58207922180553,49.09898880707757,0.8408544039183989,41,0,3,0,251.17638808767978,20.2312212142252
11.241965696870205,-94.56147360207301,49.16767420618593,0.8408544039183989,44,0,3,0,256.7973709361149,20.2312212142252
11.25555977206911,-94.54108248927464,49.23564458218046,0.8408544039183989,47,0,3,0,262.4251508221494,20.2312212142252
11.27582621670492,-94.51068282232093,49.33697680535949,0.8408544039183989,50,0,3,0,268.06306393050187,20.2312212142252
11.32185055308978,-94.44164631774363,49.56709848728381,0.8408544039183989,53,0,3,0,273.72398920704677,20.2312212142252
11.273071685242826,-94.51481461951407,49.32320414804904,0.8408544039183989,57,0,4,0,279.3605250496682,20.2312212142252
11.267865009620664,-94.52262463294731,49.297170769938226,0.8408544039183989,60,0,3,0,284.9944575544785,20.2312212142252
11.25053682070604,-94.54861691631925,49.21052982536511,0.8408544039183989,63,0,3,0,290.61972596483156,20.2312212142252
11.200935567015975,-94.62301879685435,48.96252355691477,0.8408544039183989,66,0,3,0,296.22019374833957,20.2312212142252
11.234818799177347,-94.57219394861228,49.13193971772163,0.8408544039183989,69,0,3,0,301.8376031479282,20.2312212142252
11.226944964715983,-94.58400470030433,49.09257054541482,0.8408544039183989,74,0,5,0,307.4510756302862,20.2312212142252
11.269947918400874,-94.519500269777,49.307585313839276,0.8408544039183989,80,0,6,0,313.08604958948666,20.2312212142252
11.248937963970912,-94.55101520142195,49.202535541689464,0.8408544039183989,86,0,6,0,318.71051857147205,20.2312212142252
11.221538751629602,-94.59211401993393,49.0655394799829,0.8408544039183989,92,0,6,0,324.3212879472869,20.2312212142252
11.099120025458708,-94.77574210919026,48.45344584912843,0.8408544039183989,98,0,6,0,329.753318867827,20.2312212142252
11.112099367698754,-94.75627309583018,48.518342560328676,0.8408544039183989,104,0,6,0,335.1279137365038,20.2312212142252
11.075061532001426,-94.81182984937617,48.33315338184202,0.8408544039183989,110,0,6,0,340.39346137783485,20.2312212142252
11.02316694948785,-94.88967172314653,48.07368046927414,0.8408544039183989,116,0,6,0,345.5741474539932,20.2312212142252
11.016363248710524,-94.89987727431253,48.039661965387516,0.8408544039183989,122,0,6,0,350.7530695981309,20.2312212142252
10.980242013996838,-94.95405912638306,47.85905579181909,0.8408544039183989,128,0,6,0,355.7936627643027,20.2312212142252
10.9529132209453,-94.99505231596036,47.7224118265614,0.8408544039183989,134,0,6,0,360.5704102712005,20.2312212142252
10.843658106642067,-95.15893498741521,47.17613625504523,0.8408544039183989,140,0,6,0,365.09603446298587,20.2312212142252
10.757049834118744,-95.2888473962002,46.743094892428616,0.8408544039183989,146,0,6,0,369.32815023798634,20.2312212142252
10.743439664633092,-95.30926265042869,46.67504404500036,0.8408544039183989,152,0,6,0,373.5420052494481,20.2312212142252
10.738979006991718,-95.31595363689074,46.65274075679349,0.8408544039183989,157,0,5,0,377.75506897815444,20.2312212142252
10.746740113975166,-95.30431197641558,46.69154629171072,0.8408544039183989,163,0,6,0,381.9794635726519,20.2312212142252
10.782651781345782,-95.25044447535964,46.871104628563806,0.8408544039183989,169,0,6,0,386.0839697096426,20.2312212142252
10.778345199524649,-95.25690434809134,46.84957171945814,0.8408544039183989,175,0,6,0,390.02876349646573,20.2312212142252
10.72850923013685,-95.33165830217304,46.60039187251915,0.8408544039183989,182,0,7,0,393.62317518414966,20.2312212142252
10.788502488225651,-95.24166841503984,46.90035816296316,0.8408544039183989,188,0,6,0,397.2107147970507,20.2312212142252
10.866671542464687,-95.12441483368129,47.29120343415833,0.8408544039183989,195,0,7,0,400.83312640642015,20.2312212142252
10.761967701060593,-95.28147059578741,46.76768422713786,0.8408544039183989,202,0,7,0,404.3655458491591,20.2312212142252
10.746776355448533,-95.30425761420553,46.691727499077565,0.8408544039183989,209,0,7,0,407.70970048830037,20.2312212142252
10.799777287650416,-95.22475621590269,46.95673216008699,0.8408544039183989,216,0,7,0,410.9325440466053,20.2312212142252
10.809967329441198,-95.20947115321651,47.00768236904088,0.8408544039183989,224,0,8,0,414.0437844429027,20.2312212142252
10.920423237342112,-95.04378729136515,47.55996190854546,0.8408544039183989,231,0,7,0,417.13278503024526,20.2312212142252
10.91724889995258,-95.04854879744944,47.54409022159779,0.8408544039183989,239,0,8,0,420.00107020955437,20.2312212142252
10.87823755030434,-95.10706582192181,47.3490334733566,0.8408544039183989,247,0,8,0,422.79816637756886,20.2312212142252
10.017138687800923,-95.69748028309543,47.34156012659955,0.8408544039183989,258,3,11,0,425.1936987421782,20.2312212142252
10.251979975611412,-95.6264683513797,47.578266565651994,0.8408544039183989,268,0,10,3,427.42393750433877,20.2312212142252
10.276753982744827,-95.58930734067958,47.70213660131907,0.8408544039183989,277,0,9,0,429.73698026714004,20.2312212142252
10.230653010685204,-95.65845879876902,47.48299024044792,0.8408544039183989,286,0,9,0,432.0336706683933,20.2312212142252
10.258411636653774,-95.61682085981617,47.621818361603204,0.8408544039183989,296,0,10,0,434.3427514797054,20.2312212142252
10.302309664964161,-95.5509738173506,47.880967553619506,0.8408544039183989,305,0,9,0,436.5575304954212,20.2312212142252
10.306604485390396,-95.54453158671123,47.91089154811954,0.8408544039183989,314,0,9,0,438.66187756950785,20.2312212142252
10.324245814419628,-95.5180695931674,48.01290106183361,0.8408544039183989,323,0,9,0,440.66003822490876,20.2312212142252
10.39288833221251,-95.41510581647806,48.35832351303941,0.8408544039183989,332,0,9,0,442.5000347836578,20.2312212142252
10.361499308639111,-95.46218935183816,48.201378395172405,0.8408544039183989,341,0,9,0,444.3308213346572,20.2312212142252
10.390628183536629,-95.4184960394919,48.35187185141964,0.8408544039183989,350,0,9,0,446.1753253678989,20.2312212142252
10.35114334318724,-95.47772330001597,48.154447649672676,0.8408544039183989,359,0,9,0,447.9381149416388,20.2312212142252
10.404760885482855,-95.39729698657254,48.42253536115076,0.8408544039183989,368,0,9,0,449.7006515940764,20.2312212142252
10.325786636668346,-95.5157583597943,48.03246702388665,0.8408544039183989,377,0,9,0,451.35164689549305,20.2312212142252
10.287253496674579,-95.57355806978495,47.86466628772002,0.8408544039183989,385,0,8,0,452.8985513506587,20.2312212142252
10.315198996054443,-95.53163982071517,48.00439378461936,0.8408544039183989,393,0,8,0,454.4307918635456,20.2312212142252
10.36750360838171,-95.45318290222428,48.265916846255685,0.8408544039183989,402,0,9,0,455.93622001594895,20.2312212142252
10.39703246935552,-95.40888961076355,48.413561151124725,0.8408544039183989,410,0,8,0,457.40642023295413,20.2312212142252
10.44177393688897,-95.34177740946338,48.63726848879199,0.8408544039183989,420,0,10,0,458.7133370792986,20.2312212142252
10.473383178361468,-95.2943635472546,48.81022417867225,0.8408544039183989,430,0,10,0,460.01461370624634,20.2312212142252
10.438321691648307,-95.34695577732437,48.63491674510644,0.8408544039183989,438,0,8,0,461.3151997546235,20.2312212142252
10.473650943731448,-95.29396189919964,48.811563005522146,0.8408544039183989,448,0,10,0,462.56629348261,20.2312212142252
10.441052415834458,-95.34285969104515,48.648570366037184,0.8408544039183989,458,0,10,0,463.68350642708975,20.2312212142252
10.433064128181064,-95.35484212252523,48.60862892777023,0.8408544039183989,468,0,10,0,464.7329604919625,20.2312212142252
10.34216195475557,-95.49119538266348,48.15411806064276,0.8408544039183989,477,0,9,0,465.62647846339286,20.2312212142252
10.337928977011748,-95.49754484927921,48.13295317192364,0.8408544039183989,486,0,9,0,466.4130126941812,20.2312212142252
10.319007616926882,-95.52592688940649,48.03834637149931,0.8408544039183989,495,0,9,0,467.1678701448177,20.2312212142252
10.318024948277417,-95.52740089238068,48.033433028252,0.8408544039183989,504,0,9,0,467.8312976165343,20.2312212142252
10.292273622910303,-95.56602788043138,47.90467640141642,0.8408544039183989,514,0,10,0,468.4701441749856,20.2312212142252
10.322876981940569,-95.52012284188595,48.05769319656775,0.8408544039183989,524,0,10,0,469.1180340651818,20.2312212142252
10.307400831970982,-95.54333706684035,47.98031244671983,0.8408544039183989,535,0,11,0,469.6393669381491,20.2312212142252
10.416827253535546,-95.37919743449352,48.52744455454263,0.8408544039183989,545,0,10,0,470.1631499073673,20.2312212142252
10.404998340860407,-95.39694080350621,48.496415005289464,0.8408544039183989,556,0,11,0,470.6754280662896,20.2312212142252
10.415733400116757,-95.38083821462169,48.55009030157121,0.8408544039183989,566,0,10,0,471.19393395031375,20.2312212142252
10.356572014893963,-95.46958029245589,48.25428337545725,0.8408544039183989,577,0,11,0,471.6639823664705,20.2312212142252
10.333387773351193,-95.50435665477005,48.13836216774339,0.8408544039183989,588,0,11,0,472.0765721401004,20.2312212142252
10.366984174745369,-95.45396205267878,48.30634417471427,0.8408544039183989,599,0,11,0,472.49149885582784,20.2312212142252
10.333620381233963,-95.50400774294587,48.13952520715725,0.8408544039183989,609,0,10,0,472.86833997569283,20.2312212142252
10.334259425799322,-95.50304917609783,48.14476863581715,0.8408544039183989,620,0,11,0,473.25809676788145,20.2312212142252
10.388682118039803,-95.42141513773713,48.41688209701956,0.8408544039183989,631,0,11,0,473.56755681022406,20.2312212142252
10.338293508377134,-95.49699805223115,48.16493904870622,0.8408544039183989,642,0,11,0,473.8712135875874,20.2312212142252
10.315096737383191,-95.53179320872205,48.0489551937365,0.8408544039183989,653,0,11,0,474.1755766187519,20.2312212142252
10.317494693314123,-95.52819627482563,48.060944973391166,0.8408544039183989,664,0,11,0,474.4904390161399,20.2312212142252
10.28117099771329,-95.58268181822689,47.879326495387,0.8408544039183989,675,0,11,0,474.79765433701965,20.2312212142252
10.184421567815276,-95.72780596307392,47.40056490053257,0.8408544039183989,685,0,10,0,475.10668224797246,20.2312212142252
10.161437585220886,-95.7622819369655,47.28564498756062,0.8408544039183989,696,0,11,0,475.4036567710255,20.2312212142252
10.190132320156948,-95.7192398345614,47.46797989998627,0.8408544039183989,707,0,11,0,475.6973209949961,20.2312212142252
10.133885423751464,-95.80361017916964,47.23091756165411,0.8408544039183989,718,0,11,0,475.9842742821324,20.2312212142252
10.066523810342817,-95.9046525992826,46.92019134433067,0.8408544039183989,729,0,11,0,476.2532237880519,20.2312212142252
10.09148706543605,-95.86720771664274,47.07661033855957,0.8408544039183989,740,0,11,0,476.51617785838044,20.2312212142252
10.091053610633965,-95.86785789884588,47.12900279102621,0.8408544039183989,751,0,11,0,476.7687571470342,20.2312212142252
10.067776501800255,-95.90277356209644,47.012617246857666,0.8408544039183989,762,0,11,0,477.03019152545033,20.2312212142252
10.139664838745233,-95.79494105667898,47.37205893158256,0.8408544039183989,772,0,10,0,477.29132885142457,20.2312212142252
10.134747431314185,-95.80231716782555,47.34747189442731,0.8408544039183989,784,0,12,0,477.528864006786,20.2312212142252
10.207380092882682,-95.6933681754728,47.71063520226979,0.8408544039183989,795,0,11,0,477.7758073916134,20.2312212142252
10.243722198949028,-95.63885501637328,47.89234573260151,0.8408544039183989,806,0,11,0,478.02619849302755,20.2312212142252
10.241246922595236,-95.64256793090397,47.87996935083256,0.8408544039183989,817,0,11,0,478.2674365432061,20.2312212142252
10.256379212592915,-95.61986949590745,47.95563080082096,0.8408544039183989,828,0,11,0,478.4855342982093,20.2312212142252
10.189310053474632,-95.72047323458487,47.62028500522954,0.8408544039183989,839,0,11,0,478.6996778251696,20.2312212142252
10.224766525391898,-95.66728852670899,47.797567364815876,0.8408544039183989,850,0,11,0,478.913355243214,20.2312212142252
10.253658793330134,-95.62395012480162,47.94202870450707,0.8408544039183989,861,0,11,0,479.1204068414975,20.2312212142252
10.206850412309148,-95.69416269633312,47.707986799402114,0.8408544039183989,873,0,12,0,479.32402904964255,20.2312212142252
10.247265479687465,-95.63354009526563,47.98778372860267,0.8408544039183989,885,0,12,0,479.5242957748653,20.2312212142252
10.285839551239812,-95.57567898793711,48.28717633875416,0.8408544039183989,897,0,12,0,479.6766610784448,20.2312212142252
10.314927673596083,-95.5320468044027,48.43730243805012,0.8408544039183989,909,0,12,0,479.80895283320814,20.2312212142252
10.378227252213463,-95.43709743647663,48.762389521887975,0.8408544039183989,921,0,12,0,479.9418231274546,20.2312212142252
10.518022415921562,-95.22740469091447,49.461365340428465,0.8408544039183989,933,0,12,0,480.07792790850084,20.2312212142252
10.512162144180023,-95.2361950985268,49.43206398172077,0.8408544039183989,945,0,12,0,480.2196609538855,20.2312212142252
10.424068360420355,-95.36833577416628,49.067174441225745,0.8408544039183989,957,0,12,0,480.34759235694673,20.2312212142252
10.429978999130162,-95.3594698161016,49.069249938216906,0.8408544039183989,968,0,11,0,480.46690117173847,20.2312212142252
10.413732798847066,-95.38383911652625,48.993960443975006,0.8408544039183989,980,0,12,0,480.58045286712166,20.2312212142252
10.449465174633213,-95.330240552847,49.18088375082802,0.8408544039183989,991,0,11,0,480.7039211266887,20.2312212142252
10.4281040406295,-95.36228225385257,49.13179963036945,0.8408544039183989,1002,0,11,0,480.82332552574206,20.2312212142252
10.452302228135348,-95.3259849725938,49.27445973449769,0.8408544039183989,1013,0,11,0,480.94442737168055,20.2312212142252
10.459991193425198,-95.31445152465903,49.299948250498296,0.8408544039183989,1022,0,9,0,481.0612034864732,20.2312212142252
10.508577950958372,-95.24157138835928,49.557815659013734,0.8408544039183989,1030,0,8,0,481.18190419869353,20.2312212142252
10.529312510123843,-95.21046954961106,49.717068414280675,0.8408544039183989,1040,0,10,0,481.3061446668962,20.2312212142252
10.60463553525952,-95.09748501190755,50.093683539959066,0.8408544039183989,1050,0,10,0,481.43161567348284,20.2312212142252
10.647462391063293,-95.0332447282019,50.309396249673334,0.8408544039183989,1059,0,9,0,481.5715603671932,20.2312212142252
10.633876721198344,-95.05362323299931,50.241467900348596,0.8408544039183989,1068,0,9,0,481.7045007321141,20.2312212142252
10.597689291303846,-95.10790437784107,50.060530750876104,0.8408544039183989,1078,0,10,0,481.83328759811803,20.2312212142252
10.577137882681573,-95.13873149077448,49.95777370776474,0.8408544039183989,1088,0,10,0,481.95765521073764,20.2312212142252
10.542048594735897,-95.19136542269298,49.78232726803636,0.8408544039183989,1098,0,10,0,482.07563670793525,20.2312212142252
10.52383404353771,-95.21868724949024,49.69125451204542,0.8408544039183989,1109,0,11,0,482.1972248887367,20.2312212142252
10.558256018235989,-95.16705428744285,49.86336438553682,0.8408544039183989,1118,0,9,0,482.32750178122706,20.2312212142252
10.558809847128982,-95.16622354410337,49.865635288024855,0.8408544039183989,1128,0,10,0,482.4605360220716,20.2312212142252
10.551971962430606,-95.17648037115093,49.92716049338217,0.8408544039183989,1137,0,9,0,482.6020083312531,20.2312212142252
10.500703805243603,-95.25338260693142,49.67081970744715,0.8408544039183989,1147,0,10,0,482.74425946646807,20.2312212142252
10.578068426114646,-95.13733567562485,50.05764281180237,0.8408544039183989,1155,0,8,0,482.88931016979694,20.2312212142252
10.527034455920832,-95.21388663091558,49.83931396538736,0.8408544039183989,1164,0,9,0,483.0364347933258,20.2312212142252
10.596064124534935,-95.11034212799443,50.240891999888134,0.8408544039183989,1175,0,11,0,483.1697756668884,20.2312212142252
10.603844814333279,-95.09867109329691,50.279795448879845,0.8408544039183989,1185,0,10,0,483.3038432218455,20.2312212142252
10.669366550994605,-95.0003884883049,50.60740413218648,0.8408544039183989,1195,0,10,0,483.44595343179884,20.2312212142252
10.646152490728426,-95.03520957870417,50.49133383085558,0.8408544039183989,1204,0,9,0,483.59118868114405,20.2312212142252
10.669551200359118,-95.00011151425815,50.63095339827854,0.8408544039183989,1213,0,9,0,483.7430917524662,20.2312212142252
10.638868795352407,-95.0461351217682,50.507156279583796,0.8408544039183989,1222,0,9,0,483.884999787407,20.2312212142252
10.656560693865933,-95.01959727399792,50.62802986422222,0.8408544039183989,1231,0,9,0,484.0330984151469,20.2312212142252
10.583517648661845,-95.12916184180405,50.27431249255909,0.8408544039183989,1239,0,8,0,484.17652179274864,20.2312212142252
10.56458953419922,-95.157554013498,50.13453206714055,0.8408544039183989,1250,0,11,0,484.3179707792529,20.2312212142252
10.473005031636797,-95.29493076734163,49.65988061707011,0.8408544039183989,1261,0,11,0,484.46205723503226,20.2312212142252
10.51090683749562,-95.2380780585534,49.91325345421694,0.8408544039183989,1271,0,10,0,484.6112138651686,20.2312212142252
10.493258887680945,-95.26454998327542,49.82501370514357,0.8408544039183989,1282,0,11,0,484.7534305198181,20.2312212142252
10.459220953898667,-95.31560688394883,49.654824036232185,0.8408544039183989,1294,0,12,0,484.8921073600814,20.2312212142252
10.416455771447163,-95.37975465762607,49.43781202169501,0.8408544039183989,1305,0,11,0,485.01725635654356,20.2312212142252
10.364119783470368,-95.45825863959128,49.188994822103176,0.8408544039183989,1314,0,9,0,485.13137132648194,20.2312212142252
10.339152203687837,-95.49571000926507,49.082192772489115,0.8408544039183989,1325,0,11,0,485.2181255897431,20.2312212142252
10.356084396801831,-95.47031171959406,49.16685373805908,0.8408544039183989,1336,0,11,0,485.30071244793544,20.2312212142252
10.32095087002824,-95.52301200975448,48.991186104191115,0.8408544039183989,1347,0,11,0,485.39970265008145,20.2312212142252
10.274076692025673,-95.59332327675831,48.75681521417828,0.8408544039183989,1357,0,10,0,485.5049609317942,20.2312212142252
10.281982756312138,-95.58146418032862,48.796345535610605,0.8408544039183989,1367,0,10,0,485.6090606431241,20.2312212142252
10.289455283497752,-95.5702553895502,48.83370817153867,0.8408544039183989,1377,0,10,0,485.71750411562795,20.2312212142252
10.357456160091873,-95.46825407465901,49.17371255450928,0.8408544039183989,1387,0,10,0,485.8244655874873,20.2312212142252
10.369129191239146,-95.45074452793813,49.27181906968561,0.8408544039183989,1397,0,10,0,485.95138949690863,20.2312212142252
10.373208370575316,-95.44462575893385,49.29221496636646,0.8408544039183989,1407,0,10,0,486.0807083776352,20.2312212142252
10.350162791158871,-95.47919412805852,49.19074955548627,0.8408544039183989,1417,0,10,0,486.2080026210289,20.2312212142252
10.378287943017455,-95.43700640027065,49.36240382646349,0.8408544039183989,1427,0,10,0,486.3029421765104,20.2312212142252
10.368948161287795,-95.45101607286513,49.3333670436974,0.8408544039183989,1438,0,11,0,486.3709833639235,20.2312212142252
10.36529984728403,-95.45648854387078,49.315125473678584,0.8408544039183989,1449,0,11,0,486.44286576688336,20.2312212142252
10.38805894659811,-95.42234989489965,49.428920970248974,0.8408544039183989,1460,0,11,0,486.5260497541683,20.2312212142252
10.451339579671725,-95.32742894528924,49.74532413561706,0.8408544039183989,1470,0,10,0,486.61437019825394,20.2312212142252
10.439283084622167,-95.34551368786357,49.73362581670043,0.8408544039183989,1480,0,10,0,486.69249618572053,20.2312212142252
10.526903366499745,-95.21408326504722,50.209492063460324,0.8408544039183989,1490,0,10,0,486.76558142292134,20.2312212142252
10.46308212779295,-95.30981512310741,49.909868547831216,0.8408544039183989,1500,0,10,0,486.836062057725,20.2312212142252
10.450793384156013,-95.32824823856282,49.89435312071962,0.8408544039183989,1510,0,10,0,486.9083188210659,20.2312212142252
10.427218619475541,-95.36361038558353,49.79140508804708,0.8408544039183989,1521,0,11,0,486.97047813022056,20.2312212142252
10.444207717597376,-95.33812673840077,49.876350578656265,0.8408544039183989,1532,0,11,0,487.0340277633034,20.2312212142252
10.482964625106336,-95.27999137713732,50.08563840033022,0.8408544039183989,1543,0,11,0,487.09248230248886,20.2312212142252
10.461850837025052,-95.31166205925926,49.982862650921724,0.8408544039183989,1553,0,10,0,487.16128827971505,20.2312212142252
10.484153017258025,-95.2782087889098,50.0943735520866,0.8408544039183989,1564,0,11,0,487.2282920409748,20.2312212142252
10.482638481452737,-95.28048059261772,50.086800873060156,0.8408544039183989,1574,0,10,0,487.2866350000436,20.2312212142252
10.39651822798672,-95.40966097281675,49.65619960573007,0.8408544039183989,1584,0,10,0,487.337252532964,20.2312212142252
10.453644676556506,-95.32397129996207,50.003464427996995,0.8408544039183989,1594,0,10,0,487.3941445540086,20.2312212142252
10.430399964171501,-95.3588383685396,49.88724086607198,0.8408544039183989,1604,0,10,0,487.44923848242934,20.2312212142252
10.358220992182376,-95.46710682652326,49.52634600612635,0.8408544039183989,1614,0,10,0,487.4950995794496,20.2312212142252
10.416628370148358,-95.3794957595743,49.818382895956255,0.8408544039183989,1625,0,11,0,487.5374515969297,20.2312212142252
10.356771156348419,-95.4692815802742,49.51909682695657,0.8408544039183989,1636,0,11,0,487.5848964054292,20.2312212142252
10.317305809235284,-95.52847960094391,49.3217700913909,0.8408544039183989,1648,0,12,0,487.6380833220621,20.2312212142252
10.24217856241196,-95.64117047117888,48.946133857274276,0.8408544039183989,1659,0,11,0,487.6909794484686,20.2312212142252
10.222685026745372,-95.67041077467877,48.848666178941336,0.8408544039183989,1670,0,11,0,487.7462262522401,20.2312212142252
10.184831490306854,-95.72719107933654,48.684432358221784,0.8408544039183989,1682,0,12,0,487.78949075678764,20.2312212142252
10.178340873061568,-95.73692700520449,48.65509456980434,0.8408544039183989,1693,0,11,0,487.83198301483236,20.2312212142252
10.146440986171504,-95.78477683553957,48.498904691868226,0.8408544039183989,1704,0,11,0,487.8707761409005,20.2312212142252
10.09313716287848,-95.86473257047912,48.28385096546712,0.8408544039183989,1715,0,11,0,487.9105685515804,20.2312212142252
10.16750732077614,-95.7531773336326,48.658288758070974,0.8408544039183989,1726,0,11,0,487.94971522845975,20.2312212142252
10.21044161169508,-95.68877589725422,48.87296021266567,0.8408544039183989,1738,0,12,0,487.994826228489,20.2312212142252
10.250761300453158,-95.62829636411709,49.074558656456055,0.8408544039183989,1749,0,11,0,488.03469318807447,20.2312212142252
10.264811671643793,-95.60722080733115,49.15843102254945,0.8408544039183989,1760,0,11,0,488.0850426200107,20.2312212142252
10.18290440029779,-95.73008171435015,48.80512738407191,0.8408544039183989,1771,0,11,0,488.1319731887195,20.2312212142252
10.11855653241693,-95.82660351617146,48.48706948490326,0.8408544039183989,1782,0,11,0,488.17703687266265,20.2312212142252
10.097390650454814,-95.85835233911462,48.415082570400806,0.8408544039183989,1793,0,11,0,488.2237918268077,20.2312212142252
