episode,total_reward,actor_loss,critic_loss
1,-2613.0,-0.021431542234495282,131.97872924804688
2,-1550.0,-0.018763547064736485,150.3514862060547
3,-1301.0,-0.01809900693063225,133.47589111328125
4,-529.0,-0.01868553918653301,174.4304656982422
5,-548.0,-0.016217618149572184,161.6647491455078
6,17.0,-0.01538653631827661,196.03250122070312
7,145.0,-0.014148815052716859,183.08021545410156
8,453.0,-0.011939045058430306,220.2449951171875
9,788.0,-0.012630824398781573,267.8475341796875
10,737.0,-0.01030509448277631,260.1383361816406
11,1066.0,-0.010755874183295029,234.9672393798828
12,871.0,-0.007244795935028898,235.81857299804688
13,987.0,-0.006652255313903359,289.07611083984375
14,1021.0,-0.006594258560133832,258.6916809082031
15,1039.0,-0.005908193124923855,283.0784606933594
16,920.0,-0.005956180460218873,269.0622863769531
17,1103.0,-0.005713625528317477,297.9032287597656
18,1052.0,-0.006416435993742198,328.2779846191406
19,917.0,-0.006052573959875319,237.365966796875
20,1189.0,-0.00497601815732196,319.1028747558594
21,1080.0,-0.005456899446601581,254.31082153320312
22,948.0,-0.005306367700021448,240.84255981445312
23,1231.0,-0.0043217967613600194,326.34783935546875
24,950.0,-0.004520005758552413,218.3668975830078
25,1037.0,-0.004219134641711467,239.74728393554688
26,1046.0,-0.004239128617752742,278.3482971191406
27,1069.0,-0.004799868728566382,247.77462768554688
28,1169.0,-0.004632472305924499,252.51214599609375
29,1358.0,-0.004529623792872631,310.3537292480469
30,1137.0,-0.004711791180722814,355.1789855957031
31,1348.0,-0.003847191047887983,334.0943298339844
32,1021.0,-0.004106015810975805,239.6122283935547
33,1441.0,-0.004586675603474889,323.9696960449219
34,1173.0,-0.004208114382760998,286.06494140625
35,1283.0,-0.004581129768796798,386.7675476074219
36,1376.0,-0.004406331747304648,296.17657470703125
37,1337.0,-0.003981747136484566,338.2257080078125
38,1405.0,-0.0031883941701380536,389.6518859863281
39,1275.0,-0.003488133243601104,272.36474609375
40,1308.0,-0.0035868270996226265,402.0824890136719
41,1252.0,-0.00416420040918248,327.75994873046875
42,1273.0,-0.003635355512545045,395.5408020019531
43,1482.0,-0.004442251863240797,331.3104553222656
44,1330.0,-0.0037957756056649877,377.771240234375
45,1149.0,-0.0038074885856726076,269.3045349121094
46,1468.0,-0.003809646803087422,385.22723388671875
47,1440.0,-0.0039444330219079605,415.4869079589844
48,1348.0,-0.004078530527684572,302.07330322265625
49,1527.0,-0.0038969892484601587,404.8150329589844
50,1308.0,-0.004263800284076881,339.5452880859375
51,1582.0,-0.004465061140113643,428.6814880371094
52,1381.0,-0.0038524546627221362,289.8072204589844
53,1386.0,-0.003930379266551297,359.041259765625
54,1476.0,-0.004223112168671962,359.0011291503906
55,1532.0,-0.0036370661629397155,342.9705505371094
56,1567.0,-0.003772255182931466,446.5319519042969
57,1424.0,-0.0034673117687426774,362.37017822265625
58,1557.0,-0.00375564545018798,362.9329833984375
59,1408.0,-0.0035998400521098767,355.8528747558594
60,1554.0,-0.0033317085721396972,340.0099182128906
61,1360.0,-0.003422023811643677,408.15777587890625
62,1546.0,-0.0029219802111453775,359.8399658203125
63,1461.0,-0.003664684693961005,337.11712646484375
64,1448.0,-0.003154707168245555,427.3943786621094
65,1520.0,-0.0032067085890698115,352.9621887207031
66,1459.0,-0.0034593988093547523,335.1378479003906
67,1660.0,-0.003500761110834511,384.2668762207031
68,1398.0,-0.003982287444939304,358.20654296875
69,1564.0,-0.003605659184229028,355.8703308105469
70,1595.0,-0.0036529530895807382,367.31878662109375
71,1605.0,-0.004592857392188827,420.0778503417969
72,1429.0,-0.003917530129131462,335.7364807128906
73,1378.0,-0.004473971338094478,282.5050048828125
74,1485.0,-0.004645357426073003,416.1874084472656
75,1548.0,-0.0032433417696406002,384.53179931640625
76,1546.0,-0.003477167629171163,378.3777770996094
77,1777.0,-0.003284394196400951,487.0663757324219
78,1495.0,-0.0029434232669050936,347.49945068359375
79,1548.0,-0.0032636381916485596,409.3850402832031
80,1485.0,-0.0031023159005729084,344.4653625488281
81,1732.0,-0.0038620961443354774,455.1396484375
82,1544.0,-0.004508757317255784,416.89324951171875
83,1677.0,-0.004260686786437873,473.66339111328125
84,1624.0,-0.003666418743835363,440.7735290527344
85,1687.0,-0.004082960893616213,404.878173828125
86,1480.0,-0.003990681679819578,357.19769287109375
87,1266.0,-0.003360053449536541,409.4564208984375
88,1300.0,-0.004167902031830246,341.6719665527344
89,1651.0,-0.0038293705937186523,453.8251037597656
90,1630.0,-0.00440029427824941,460.5016174316406
91,1228.0,-0.003633027520014106,288.8716125488281
92,1530.0,-0.004281677390931041,375.70367431640625
93,1776.0,-0.003257377327827271,433.4132080078125
94,1520.0,-0.003382832668389061,312.0820007324219
95,1632.0,-0.0029504162303055637,410.5367431640625
96,1399.0,-0.0033364222098108648,321.2443542480469
97,1563.0,-0.003648640329109704,401.67620849609375
98,1545.0,-0.0037782834281512934,366.11328125
99,1542.0,-0.003018268339344234,475.03424072265625
100,1541.0,-0.003488066296475673,428.8371887207031
101,1459.0,-0.0038176351081347093,326.99481201171875
102,1563.0,-0.003538905657478608,408.2228088378906
103,1630.0,-0.003275662346693155,388.23175048828125
104,1497.0,-0.003336099097006289,399.15557861328125
105,1629.0,-0.003641355919951041,485.5254821777344
106,1478.0,-0.002838964476333266,367.5846252441406
107,1519.0,-0.003916995347286242,441.13800048828125
108,1530.0,-0.0033733102786105257,345.02471923828125
109,1878.0,-0.0029025153188350877,506.626708984375
110,1465.0,-0.0024898905747769667,331.71893310546875
111,1441.0,-0.0032403454523383906,324.5151672363281
112,1614.0,-0.0035261672663701965,508.7678527832031
113,1730.0,-0.0029739875254953013,447.05712890625
114,1528.0,-0.0030381027640292552,367.167236328125
115,1450.0,-0.0035306445695044075,420.9686584472656
116,1690.0,-0.0027647748606146444,426.3938293457031
117,1504.0,-0.003308871539567398,389.37054443359375
118,1297.0,-0.00352267125916634,327.62615966796875
119,1590.0,-0.002994997203391644,356.5956726074219
120,1669.0,-0.0029173342346829096,411.44976806640625
121,1592.0,-0.003087587896776053,424.170166015625
122,1576.0,-0.0029683364659181927,407.2169189453125
123,1664.0,-0.003324048737080635,421.77142333984375
124,1547.0,-0.003185810121067334,425.03277587890625
125,1576.0,-0.0028314414199225473,402.0898742675781
126,1615.0,-0.003354008780401533,409.98651123046875
127,1566.0,-0.0029930941195094158,330.9176330566406
128,1751.0,-0.002950537798044804,420.2437438964844
129,1604.0,-0.0029609462404291014,381.8970947265625
130,1485.0,-0.0038693690252590124,329.5869140625
131,1485.0,-0.004374634514013971,360.1009521484375
132,1661.0,-0.0026377360378059427,395.05303955078125
133,1658.0,-0.0031372488125011194,334.4922180175781
134,1419.0,-0.003325147107326692,339.3403625488281
135,1552.0,-0.0032512741392045946,365.9241638183594
136,1598.0,-0.0031955297495837192,400.828125
137,1504.0,-0.0030349905552741674,344.48193359375
138,1575.0,-0.003389891502073234,383.1357727050781
139,1644.0,-0.003442663405231932,379.689453125
140,1603.0,-0.003581130021692453,403.0877380371094
141,1476.0,-0.0029259050955131117,331.1661071777344
142,1655.0,-0.0027734432223951444,362.1141052246094
143,1635.0,-0.0037317825055132353,402.2607116699219
144,1632.0,-0.0034938085861670387,478.8514709472656
145,1804.0,-0.0031771806097822264,476.80084228515625
146,1560.0,-0.0021612914029641877,384.96209716796875
147,1513.0,-0.0029765195109316017,337.51507568359375
148,1625.0,-0.002583461957068981,396.4119567871094
149,1885.0,-0.002702439258947769,544.4595947265625
150,1435.0,-0.0027661563778695252,321.1888732910156
151,1549.0,-0.003015435957682452,376.8796081542969
152,1479.0,-0.003043533687429902,343.83489990234375
153,1503.0,-0.0028832848391695215,354.076416015625
154,1495.0,-0.003867685268882529,408.8118896484375
155,1451.0,-0.002635192121878,393.4622802734375
156,1519.0,-0.002876630431273952,351.5621032714844
157,1956.0,-0.0030390918816140455,580.084228515625
158,1408.0,-0.0027813863167206626,370.94091796875
159,1528.0,-0.0031525528122853886,359.94268798828125
160,1533.0,-0.0031200119098814738,340.80718994140625
161,1685.0,-0.002880862219691543,376.2217712402344
162,1524.0,-0.0029148955654818565,407.7013854980469
163,1592.0,-0.0024902069983779385,355.7587585449219
164,1506.0,-0.0031968324307984275,340.950927734375
165,1416.0,-0.003373111485936014,335.6990051269531
166,1398.0,-0.004012557376492103,290.8604431152344
167,1593.0,-0.0028246865305326147,410.7779846191406
168,1644.0,-0.0030598463106019025,390.5357666015625
169,1740.0,-0.00288731476601762,443.0787353515625
170,1722.0,-0.0030695418193187963,386.79156494140625
171,1589.0,-0.0030583175108144394,354.1422119140625
172,1539.0,-0.003561304002817321,389.0469055175781
173,1873.0,-0.003969827923616062,431.371826171875
174,1792.0,-0.0040870917696988075,408.9856262207031
175,1565.0,-0.002703244305199145,348.0603332519531
176,1511.0,-0.0034129071786342786,391.0634765625
177,1761.0,-0.00315473264864912,444.85186767578125
178,1545.0,-0.003531645628494776,402.1430358886719
179,1760.0,-0.004144273393259417,367.5282287597656
180,1722.0,-0.003035955071806841,428.8828125
181,1679.0,-0.0031951419639101785,386.8985290527344
182,1266.0,-0.003246410187525076,349.7170104980469
183,1706.0,-0.003751456142968631,455.70941162109375
184,1247.0,-0.003962949954646839,299.76129150390625
185,1525.0,-0.0037972738251223098,305.657958984375
186,1923.0,-0.002775682135377013,516.8679809570312
187,1688.0,-0.003323707906279846,394.9928894042969
188,1715.0,-0.002984163136196522,400.7178039550781
189,1462.0,-0.003349477845144325,363.3081359863281
190,1529.0,-0.003501126367025011,395.75384521484375
191,1883.0,-0.0036189250469241025,458.909423828125
192,1305.0,-0.003069326750327101,283.6772155761719
193,1539.0,-0.0031631305215082,356.8503723144531
194,1734.0,-0.003716615926740425,425.11822509765625
195,1362.0,-0.0036280564880663796,390.9772644042969
196,1494.0,-0.003828356035228353,320.3785705566406
197,1597.0,-0.0037371740742985693,387.95062255859375
198,1695.0,-0.003720553533639759,389.1361999511719
199,1629.0,-0.0032760735942117336,408.418212890625
200,1696.0,-0.0030114164141455796,414.30157470703125
201,1667.0,-0.0029111578052314663,457.7209777832031
202,1625.0,-0.003623933950231211,451.4817810058594
203,1670.0,-0.0035587850351086153,365.3591003417969
204,1503.0,-0.002931072516990493,305.5147399902344
205,1449.0,-0.0028232556006904425,352.5648498535156
206,1553.0,-0.003502916652775769,454.5229797363281
207,1496.0,-0.0031821373288819033,343.9630432128906
208,1788.0,-0.003132612399765224,446.3501281738281
209,1690.0,-0.003516590393181624,399.4805908203125
210,1785.0,-0.002762022521242865,406.9789733886719
211,1684.0,-0.003284519153177306,391.0853271484375
212,1844.0,-0.0028413609647291844,441.09503173828125
213,1721.0,-0.002576341775108761,404.2041931152344
214,1693.0,-0.003062650393465966,408.9058837890625
215,1623.0,-0.00288132451428932,351.4555969238281
216,1717.0,-0.0025455277250979896,434.1566467285156
217,1688.0,-0.003067634444700421,431.9937438964844
218,1539.0,-0.0028784217200674383,352.1654968261719
219,1796.0,-0.003407722064626536,396.85260009765625
220,1869.0,-0.0028405806203539085,471.276123046875
221,1518.0,-0.002650260104149181,301.5888977050781
222,1784.0,-0.003049579396507137,417.87213134765625
223,1476.0,-0.003190493508425009,384.0791015625
224,1579.0,-0.0029215071928254993,361.52716064453125
225,1510.0,-0.00304275599670031,386.5685729980469
226,1416.0,-0.0028701346782327164,355.12799072265625
227,1578.0,-0.003566844127947531,325.9665222167969
228,1736.0,-0.0033956423316599932,394.7750549316406
229,1531.0,-0.0030615237587231343,339.7246398925781
230,1499.0,-0.003137122995082921,358.1183166503906
231,1622.0,-0.0024163377888076604,404.07061767578125
232,1759.0,-0.003036641414967432,480.33648681640625
233,1575.0,-0.002873216003146289,415.1116638183594
234,1666.0,-0.0027872455635328413,402.82647705078125
235,1677.0,-0.0027693835046583054,384.3526306152344
236,1569.0,-0.0024437698365155874,330.4147644042969
237,1591.0,-0.0025669146052678116,332.1893005371094
238,1648.0,-0.002995392088320971,432.4893798828125
239,1524.0,-0.0025720245846189626,329.9476013183594
240,1747.0,-0.003496440566647964,398.43621826171875
241,1552.0,-0.002514948151136715,343.62261962890625
242,1404.0,-0.003068164407782855,377.43499755859375
243,1711.0,-0.004227674013756249,424.3938293457031
244,1322.0,-0.003783637013839325,361.43487548828125
245,1682.0,-0.003303405677018288,512.9452514648438
246,1757.0,-0.0035309452671624187,395.3311462402344
247,1675.0,-0.0034586021003113793,423.8119201660156
248,1446.0,-0.003964925930111869,414.4132080078125
249,1582.0,-0.0035365609019208932,353.4439392089844
250,1351.0,-0.004507183840490013,327.08929443359375
251,1526.0,-0.0037516063283484463,422.0087585449219
252,1531.0,-0.004407596580546981,409.1247253417969
253,1608.0,-0.005168185905599135,410.4884033203125
254,1705.0,-0.003454917958151782,392.93780517578125
255,1729.0,-0.002979069651441283,435.4355773925781
256,1566.0,-0.0034986988570640926,367.57476806640625
257,1998.0,-0.003464903526037233,466.9886169433594
258,1602.0,-0.00348528017847067,379.85205078125
259,1569.0,-0.003461073402442188,358.7296142578125
260,1745.0,-0.003562820573019313,440.30804443359375
261,1555.0,-0.0035584934885264374,392.333740234375
262,2045.0,-0.0036080156291323612,558.1260375976562
263,1687.0,-0.0038427374594383374,383.8961486816406
264,1476.0,-0.003951573854075312,322.8065185546875
265,1677.0,-0.003949498811250253,462.60858154296875
266,1429.0,-0.0035498744146025274,344.21026611328125
267,1634.0,-0.0027402570049162023,423.2901916503906
268,1860.0,-0.003277403204525139,477.43768310546875
269,1776.0,-0.0032536030173235175,435.5478210449219
270,1570.0,-0.003196756609343408,409.166748046875
271,1710.0,-0.0029280492825429455,365.0198974609375
272,1660.0,-0.0033818265572855516,424.3083801269531
273,1696.0,-0.003117584892866684,423.84637451171875
274,1790.0,-0.003010754070211468,477.9400939941406
275,1581.0,-0.003466816585777061,376.0228271484375
276,1717.0,-0.0028586840495076365,337.4523620605469
277,1395.0,-0.002819184878067712,338.1580505371094
278,1805.0,-0.00330763460338598,429.310791015625
279,1416.0,-0.0027850983684142455,388.56365966796875
280,1697.0,-0.0030190007476319025,363.08380126953125
281,1859.0,-0.0041775309101857215,427.4981384277344
282,1626.0,-0.0031473868605514455,342.2641906738281
283,1875.0,-0.003232640068225529,482.9597473144531
284,1497.0,-0.004926152329582172,375.3908996582031
285,1647.0,-0.004819405446791539,342.5360412597656
286,1707.0,-0.0032215241434252156,425.6754455566406
287,1746.0,-0.003235036038989035,476.27032470703125
288,1404.0,-0.0039993389179601635,293.56878662109375
289,1503.0,-0.0038306279400006004,367.43896484375
290,1727.0,-0.0029781183742930545,412.53057861328125
291,1644.0,-0.0031827150295222445,455.32330322265625
292,1397.0,-0.0037073537761378767,368.3128356933594
293,1612.0,-0.0032899018367191146,408.9147644042969
294,1643.0,-0.003499590881671923,446.4051208496094
295,1666.0,-0.003444209447479807,412.4919738769531
296,1513.0,-0.004798682274018314,374.4217834472656
297,1297.0,-0.0046759794063940974,320.0195617675781
298,1748.0,-0.003604231348747687,490.9460754394531
299,1524.0,-0.0034953409516934437,322.70849609375
300,1728.0,-0.00396980531747561,425.27130126953125
301,1638.0,-0.003921022089343751,373.08233642578125
302,1836.0,-0.0033372376565239392,440.8670959472656
303,1845.0,-0.0031310276473439963,452.8928527832031
304,1682.0,-0.003248652852822228,371.2127380371094
305,1376.0,-0.003487241142595719,351.9554138183594
306,1703.0,-0.00309085219071546,404.353759765625
307,1505.0,-0.0035238798334051224,343.82574462890625
308,1687.0,-0.0035358177249560996,447.7877197265625
309,1594.0,-0.0037028322393390617,426.2442932128906
310,1613.0,-0.003832590942433204,519.5897216796875
311,1736.0,-0.003987533855511823,379.3786926269531
312,1713.0,-0.00441157276613272,526.399169921875
313,1832.0,-0.0032621153004583903,408.4962463378906
314,1580.0,-0.004440718742054222,398.6324157714844
315,1739.0,-0.004184171916027221,424.3860778808594
316,1616.0,-0.0038389046468572424,490.5731201171875
317,1665.0,-0.0030154426627372493,401.4142761230469
318,1574.0,-0.003126406457990275,450.1097412109375
319,1856.0,-0.00340368545948877,503.97320556640625
320,1685.0,-0.004090608852233605,464.7223205566406
321,1308.0,-0.0031162643395613748,361.62744140625
322,1718.0,-0.0036269973128842787,366.749267578125
323,1703.0,-0.00416702674660233,405.34893798828125
324,1536.0,-0.003508782526556128,334.6505432128906
325,1676.0,-0.003828288396107382,356.41680908203125
326,1757.0,-0.003560634033419774,496.8790283203125
327,1577.0,-0.003023214991896696,388.8501892089844
328,1679.0,-0.0033460877374246983,436.8663330078125
329,1671.0,-0.003370879767317092,435.0517272949219
330,1541.0,-0.0036951519193410476,354.0709228515625
331,1586.0,-0.003554339063807025,384.596435546875
332,1841.0,-0.003359105171901839,442.0191650390625
333,1556.0,-0.003874389689112182,345.4120178222656
334,1790.0,-0.002878708923162776,435.9784851074219
335,1643.0,-0.0037577867650335456,410.18511962890625
336,1569.0,-0.00384122001326302,346.4163513183594
337,1658.0,-0.004955083382550843,457.9335632324219
338,1643.0,-0.004189784205144471,345.57861328125
339,1628.0,-0.0028158057981012724,437.3813781738281
340,1698.0,-0.003497600368323869,412.1387023925781
341,1493.0,-0.00365866817290745,301.0367431640625
342,1403.0,-0.0030746825868845917,405.7153015136719
343,1400.0,-0.0029801200492199443,380.49365234375
344,1517.0,-0.0031736219765921953,435.55767822265625
345,1550.0,-0.00314847494298322,330.7289733886719
346,1841.0,-0.003376337193393348,468.5503234863281
347,1812.0,-0.0037393009596209076,461.9767761230469
348,1644.0,-0.0029790792229635243,349.05572509765625
349,1475.0,-0.0031701199759481824,328.1923522949219
350,1550.0,-0.00350550324505353,361.9949035644531
351,1631.0,-0.0029344128410489895,361.850341796875
352,1607.0,-0.003510983027029267,331.070068359375
353,1511.0,-0.0028470487710105124,388.3998718261719
354,1644.0,-0.0032213481016307405,477.7757568359375
355,1628.0,-0.0028241788336994694,344.3324890136719
356,1647.0,-0.0032486872000195683,361.63201904296875
357,1723.0,-0.0032566547405232476,424.42620849609375
358,1724.0,-0.002963549078101226,422.934814453125
359,1397.0,-0.0034547532943958814,297.29486083984375
360,1715.0,-0.0030789896528793698,400.5633544921875
361,1715.0,-0.003155908900225768,350.4354553222656
362,1661.0,-0.003590442717333125,372.168701171875
363,1758.0,-0.003952579698566946,404.345947265625
364,1949.0,-0.003692400669933704,495.9446105957031
365,1655.0,-0.0032068314989633757,316.4814453125
366,1718.0,-0.003722213889237277,365.8869934082031
367,1485.0,-0.003114568053726024,363.56268310546875
368,1577.0,-0.00338821028786437,357.4478454589844
369,1819.0,-0.0029662098321361035,421.529541015625
370,1670.0,-0.00349705083187603,352.13519287109375
371,1706.0,-0.004053505583215156,390.19793701171875
372,1511.0,-0.0038328692145504256,364.0657043457031
373,1640.0,-0.002498731729766795,333.56494140625
374,1670.0,-0.0031564746676459826,345.3469543457031
375,1592.0,-0.0030263848810656263,359.3559875488281
376,1559.0,-0.0030491619932685615,444.2785339355469
377,1515.0,-0.0029870226428881453,429.112548828125
378,1793.0,-0.0033594449261207565,408.536376953125
379,1751.0,-0.0034237745320362073,424.3023681640625
380,1676.0,-0.003956428104564631,460.88232421875
381,1628.0,-0.0032875758718416493,385.1995544433594
382,1878.0,-0.0039262188320208224,405.4990234375
383,1595.0,-0.0038504043376243707,544.1702880859375
384,1787.0,-0.003163442431286967,420.614990234375
385,2018.0,-0.0034005719367736936,524.7334594726562
386,1877.0,-0.0035833650358004627,455.268310546875
387,1796.0,-0.003925464746706504,425.0406799316406
388,1623.0,-0.004039304515962223,308.1328125
389,1841.0,-0.0039367669360217405,533.1448974609375
390,1877.0,-0.0040875471090008175,451.94036865234375
391,1841.0,-0.0036004419401121724,438.2487487792969
392,1565.0,-0.004421675844631474,361.6890869140625
393,1934.0,-0.0037454265262307934,480.6091613769531
394,1358.0,-0.0033701451816991073,301.0462951660156
395,1608.0,-0.0038089376292711158,329.7003479003906
396,1670.0,-0.0033790839591217392,414.2970886230469
397,1703.0,-0.004055956720549148,345.2315979003906
398,1802.0,-0.0038112870471585275,403.94775390625
399,1886.0,-0.003899660618377051,489.9953918457031
400,1540.0,-0.0037680532586819027,342.303466796875
401,1826.0,-0.003919909415084736,465.34710693359375
402,1769.0,-0.0036542137201779823,425.2560119628906
403,1727.0,-0.00405455813233857,431.175537109375
404,1715.0,-0.0035154205202811034,449.60491943359375
405,1941.0,-0.004171414050558399,524.0003662109375
406,1583.0,-0.003129981076589112,391.93902587890625
407,1733.0,-0.0027818256574911565,379.2633972167969
408,1590.0,-0.003529982837530302,392.36181640625
409,1881.0,-0.003140300370172814,467.2871398925781
410,1700.0,-0.003260294078115424,423.5375061035156
411,1781.0,-0.0038098632581490426,427.0613708496094
412,1628.0,-0.0032301921772679115,367.69293212890625
413,1929.0,-0.0034166848020374474,529.906494140625
414,1737.0,-0.003049777257859075,371.4724426269531
415,1874.0,-0.0035500342510204064,480.1767883300781
416,1637.0,-0.004021446706246934,399.9085693359375
417,1772.0,-0.004156964692291305,346.60211181640625
418,1421.0,-0.0038535311869054567,360.420166015625
419,1547.0,-0.0031280823230710147,334.3455505371094
420,1670.0,-0.004194542262017161,432.13714599609375
421,1659.0,-0.004168881538524667,430.80548095703125
422,1637.0,-0.003962075681556598,385.80352783203125
423,1706.0,-0.004412996364927884,364.7283935546875
424,1895.0,-0.004546588942633077,531.6172485351562
425,1513.0,-0.003828250481741894,399.9269714355469
426,1487.0,-0.0035045562583815937,426.6992492675781
427,1634.0,-0.004140454074721285,364.0381774902344
428,1695.0,-0.00429914311540155,458.0733947753906
429,1599.0,-0.003724862763842144,356.1608581542969
430,1673.0,-0.0035243670984397924,362.1130676269531
431,1841.0,-0.0033007164742489942,420.3631286621094
432,1550.0,-0.0037499890375849126,335.0055847167969
433,1723.0,-0.002882974604030356,452.02972412109375
434,1865.0,-0.003579799969104767,483.00714111328125
435,1743.0,-0.0032765419139520547,379.97918701171875
436,1958.0,-0.0035373128227677497,558.78759765625
437,1764.0,-0.004277853080436346,434.128662109375
438,1793.0,-0.0033131342443084577,390.0850830078125
439,1782.0,-0.003451508353984017,386.0755310058594
440,1604.0,-0.003460837635689781,382.3141174316406
441,1718.0,-0.0034366352054868393,454.9977722167969
442,1670.0,-0.0030002348256467875,338.11639404296875
443,1427.0,-0.0030366296814463567,289.8321838378906
444,1463.0,-0.003414966390794559,361.1936950683594
445,1689.0,-0.0037272482820428976,348.349853515625
446,1646.0,-0.003339598225336106,373.02239990234375
447,1578.0,-0.00389780683144636,417.4375915527344
448,1532.0,-0.0036819355448512526,345.0931091308594
449,1529.0,-0.003188059338364318,347.2442321777344
450,1566.0,-0.003919517820187528,363.2957458496094
451,1718.0,-0.003427410170843359,406.25146484375
452,1706.0,-0.004112208457887131,376.3561096191406
453,1535.0,-0.0047085005667863045,315.81317138671875
454,1470.0,-0.0035731666082158752,324.8679504394531
455,2021.0,-0.003537762859455792,472.6882019042969
456,1439.0,-0.003483086189070101,423.0110168457031
457,1610.0,-0.0032461163001633914,392.5585632324219
458,1848.0,-0.0036989736659701782,502.4971923828125
459,1488.0,-0.004270314676562391,383.5689392089844
460,1421.0,-0.003714715819504428,380.3847351074219
461,1625.0,-0.0034143647759005296,321.3863525390625
462,1736.0,-0.0030529996092809597,355.57769775390625
463,1662.0,-0.003513783677720182,393.65692138671875
464,1607.0,-0.0035546524029216797,323.2776794433594
465,1659.0,-0.00357780905999659,404.5379333496094
466,1550.0,-0.003405949109427248,423.1613464355469
467,1673.0,-0.003583894472675248,408.9078063964844
468,1586.0,-0.004309246767531606,387.33441162109375
469,1619.0,-0.0034514063403808643,408.4054870605469
470,1835.0,-0.0035703233856371037,367.3863525390625
471,1709.0,-0.004074615358799097,299.7247619628906
472,1632.0,-0.0041006432308807106,392.03778076171875
473,1685.0,-0.0031355017417808995,441.8887634277344
474,1760.0,-0.003463249757779912,363.3166198730469
475,1673.0,-0.0035835890443455093,374.7904968261719
476,1292.0,-0.0041169140671887105,348.9819641113281
477,1457.0,-0.004305835105177331,365.5636901855469
478,1679.0,-0.003943518090506716,382.9756164550781
479,1574.0,-0.004469407936994685,329.0318603515625
480,1739.0,-0.004109819880925768,382.295166015625
481,1868.0,-0.003801586124089746,390.98919677734375
482,1821.0,-0.004163588681227078,465.7977294921875
483,1506.0,-0.0034923502511706567,350.1265869140625
484,1716.0,-0.003945790236295059,371.2539978027344
485,1682.0,-0.004034383667853295,420.792724609375
486,1661.0,-0.004275522587704472,468.9180908203125
487,1625.0,-0.0034352467124075963,347.96453857421875
488,1538.0,-0.0035378564030647147,304.88018798828125
489,1653.0,-0.003834133441029865,406.9462890625
490,1476.0,-0.0037522447741399185,418.0190124511719
491,1502.0,-0.0033699515468989766,408.9366455078125
492,1745.0,-0.002888962096351731,410.2869567871094
493,1529.0,-0.0034143819201355135,348.1113586425781
494,1775.0,-0.0037628183979125296,425.2542419433594
495,1742.0,-0.003132599496633962,384.4485168457031
496,1664.0,-0.0036537230477863758,341.153076171875
497,1493.0,-0.0037248633525450714,331.09521484375
498,1682.0,-0.003324019947155778,324.86248779296875
499,1778.0,-0.003964706535173589,428.86383056640625
500,1805.0,-0.003819627601582657,444.4640197753906
501,1677.0,-0.003617692087573232,368.0998229980469
502,1662.0,-0.0034573402023982324,383.0099182128906
503,1931.0,-0.0029652219525035306,407.3274230957031
504,1691.0,-0.0031482284375670133,406.51544189453125
505,1620.0,-0.003533115978695735,333.6246032714844
506,1628.0,-0.0031536778663264287,403.59539794921875
507,1727.0,-0.0039010161544865696,465.7734069824219
508,1496.0,-0.0033395552081856295,309.4140319824219
509,1526.0,-0.0037713393480121988,344.685302734375
510,1751.0,-0.003166969003099699,350.37884521484375
511,1784.0,-0.0034653566275924925,393.2333068847656
512,1520.0,-0.00318857881263414,354.42523193359375
513,1719.0,-0.003438537071425734,330.2115478515625
514,1586.0,-0.0037774476763193627,308.10870361328125
515,1973.0,-0.0029074530749702327,468.2698974609375
516,1667.0,-0.003610536760399035,321.2752990722656
517,1804.0,-0.0035891249170682776,330.96142578125
518,1406.0,-0.0037472822627283415,373.4093322753906
519,1379.0,-0.003626578378576336,290.4874572753906
520,1596.0,-0.0041045764823398456,314.7478332519531
521,1582.0,-0.003407808740251182,330.68902587890625
522,1607.0,-0.003080067196476323,384.13543701171875
523,1623.0,-0.0031662020168628908,397.3316650390625
524,1782.0,-0.003127259019103284,371.6214599609375
525,1551.0,-0.0033321179733840317,353.9298095703125
526,1800.0,-0.003463508643108071,385.23370361328125
527,1533.0,-0.00402368569367744,313.6754455566406
528,1427.0,-0.0034170242784706977,234.36959838867188
529,1934.0,-0.0025777814425964607,420.72943115234375
530,1916.0,-0.0029877959906506085,391.4668884277344
531,1673.0,-0.003100591394156384,352.4951477050781
532,1772.0,-0.0029961287701943157,374.1600341796875
533,1487.0,-0.003065358170065987,299.47943115234375
534,1613.0,-0.0030420055952293168,358.3854064941406
535,1844.0,-0.003080564670459093,400.1247253417969
536,1862.0,-0.0031484190455687766,434.3188781738281
537,1604.0,-0.002831978151464552,384.0164794921875
538,1622.0,-0.0030403506947810194,359.0147705078125
539,1610.0,-0.002855637507049583,325.3865966796875
540,1532.0,-0.0033828069876368056,329.99542236328125
541,1694.0,-0.0034355404085155378,399.1299133300781
542,1715.0,-0.003285346281960041,336.34429931640625
543,1601.0,-0.003543430799514421,356.2080078125
544,1655.0,-0.0031261755211744457,461.9128112792969
545,1776.0,-0.003241595291131359,354.98370361328125
546,1649.0,-0.003488558443937758,378.44134521484375
547,1836.0,-0.003297651708765313,361.77655029296875
548,1694.0,-0.0030920421478575527,363.48883056640625
549,1769.0,-0.0033028715193462893,382.3143615722656
550,1739.0,-0.00399264699080959,366.4784240722656
551,1784.0,-0.004204414833111514,361.04510498046875
552,1853.0,-0.0029872163577238098,419.20440673828125
553,1982.0,-0.003232680783964627,394.3465576171875
554,1856.0,-0.0033546133035997627,510.5682678222656
555,1697.0,-0.003410256064463673,470.6021728515625
556,1634.0,-0.003434684837624705,349.2807922363281
557,1718.0,-0.003127147486858511,367.1695861816406
558,1494.0,-0.002995176603300414,355.99432373046875
559,1469.0,-0.0032197111522691557,370.1363525390625
560,1781.0,-0.003535712058302514,405.7906799316406
561,1781.0,-0.004326472372537994,351.42303466796875
562,1796.0,-0.0028759198383860557,436.51446533203125
563,1430.0,-0.002976109455630649,259.1686706542969
564,2051.0,-0.0033567182264440426,474.17108154296875
565,1685.0,-0.0034376239829206107,339.69305419921875
566,1589.0,-0.004507710255763543,306.986328125
567,1760.0,-0.005031502914399815,450.48077392578125
568,1556.0,-0.003107969613665773,294.6533508300781
569,1595.0,-0.0037742699282067144,280.2711181640625
570,1920.0,-0.0032018890365829327,382.6893005371094
571,1781.0,-0.00297964992413264,354.4949645996094
572,1751.0,-0.0030260519659870105,370.5610046386719
573,1592.0,-0.0028575122451002244,382.17138671875
574,1868.0,-0.00328578457135466,487.43682861328125
575,1751.0,-0.0030665228602759142,353.9698791503906
576,1718.0,-0.003240638511670113,380.2916564941406
577,1577.0,-0.002538956953295773,389.17059326171875
578,1703.0,-0.0027399075431406216,364.10540771484375
579,1791.0,-0.002783510183040302,436.4784240722656
580,1631.0,-0.0034603302042991607,394.51983642578125
581,1751.0,-0.003484011181041881,342.03253173828125
582,1799.0,-0.0035230507377751303,473.5406188964844
583,1574.0,-0.0029363171826324625,302.7765808105469
584,1679.0,-0.003253042861095829,456.45025634765625
585,1706.0,-0.0030179916913246935,356.83160400390625
586,1871.0,-0.002879586972215163,440.909912109375
587,1778.0,-0.0036553802089786458,352.8659973144531
588,1703.0,-0.0037632149079789607,400.66607666015625
589,1661.0,-0.0030908405612665646,397.29925537109375
590,1478.0,-0.0036259587286622263,357.9857482910156
591,1454.0,-0.003269307735536131,299.1258850097656
592,1832.0,-0.0032274272667304365,382.6883850097656
593,1838.0,-0.003646752692345347,450.9212646484375
594,1691.0,-0.004231895535148007,385.5602111816406
595,1691.0,-0.003039878421597158,364.033203125
596,1634.0,-0.003099698504359237,373.4701232910156
597,1703.0,-0.003589642582353138,389.63629150390625
598,1962.0,-0.003213423442373044,411.3375549316406
599,1697.0,-0.0034532743407648275,360.76776123046875
600,1893.0,-0.0033638903393823838,378.5462646484375
601,1443.0,-0.0030785211485116243,384.146728515625
602,1877.0,-0.0035489646353588406,461.2033996582031
603,1805.0,-0.0032503829180703697,382.4451904296875
604,1418.0,-0.004161706867567513,272.23974609375
605,1808.0,-0.004747626602563416,388.8316955566406
606,1868.0,-0.003976255153637405,436.35308837890625
607,1646.0,-0.0034627644866174834,317.1904602050781
608,1428.0,-0.002407836393753574,322.39312744140625
609,1730.0,-0.0034007755387262606,386.9053649902344
610,1730.0,-0.0034641109835190165,361.27978515625
611,1562.0,-0.0026596400718647472,341.1243896484375
612,1530.0,-0.002514688023958505,287.605712890625
613,1583.0,-0.003249234425571298,355.93060302734375
614,1676.0,-0.0029420137764515986,320.80718994140625
615,1616.0,-0.003497611382434635,389.154052734375
616,1496.0,-0.0038131721386369982,332.9657287597656
617,1886.0,-0.0027692908572914477,501.58282470703125
618,1341.0,-0.00398619176277342,317.7121887207031
619,1592.0,-0.002958024097487006,343.14410400390625
620,1730.0,-0.003414288202163464,396.02264404296875
621,1859.0,-0.003128180903591523,377.0047912597656
622,1811.0,-0.003262198855671678,359.9866943359375
623,1721.0,-0.0031988742224971895,294.0663757324219
624,1923.0,-0.003790753388914579,488.0264587402344
625,1596.0,-0.0042004001478354825,374.7536926269531
626,1694.0,-0.0029839732971075656,376.1857604980469
627,1681.0,-0.003045236419633771,402.2590637207031
628,1673.0,-0.002889145268064957,375.3556823730469
629,1665.0,-0.003480584849967272,393.0936584472656
630,1574.0,-0.0034206643550922827,316.302978515625
631,1577.0,-0.0030657439700527383,385.7105712890625
632,1811.0,-0.003329743868692146,377.3653869628906
633,1619.0,-0.0034848018809238318,351.4867858886719
634,1760.0,-0.0036136006849899005,357.4512939453125
635,1583.0,-0.0026023967997649117,344.40155029296875
636,2000.0,-0.0027516739138653584,415.5365295410156
637,1736.0,-0.0028284732053569833,308.98699951171875
638,1592.0,-0.0028827640632828532,318.5752258300781
639,1784.0,-0.0029468006572902334,403.5273742675781
640,1571.0,-0.00309933828053285,376.4115295410156
641,1883.0,-0.003559122252357026,381.6764221191406
642,1925.0,-0.0034662754595566575,369.66986083984375
643,1667.0,-0.00264822261838812,350.111572265625
644,1559.0,-0.0031651868193876,279.4032287597656
645,1694.0,-0.003008701956787263,340.0014953613281
646,1914.0,-0.002503929498483818,390.3030700683594
647,1862.0,-0.003730965918163877,356.6500549316406
648,1568.0,-0.0025450597177041345,304.63848876953125
649,1566.0,-0.0035607572303238805,310.4405822753906
650,1707.0,-0.003184856166496632,290.42919921875
651,1715.0,-0.0027857605006959473,321.0487976074219
652,1729.0,-0.0033736201467036153,337.5267639160156
653,1538.0,-0.0031490963065152755,367.2927551269531
654,1663.0,-0.004173533476075265,420.7605895996094
655,1694.0,-0.0022132625534660682,371.8395690917969
656,1838.0,-0.0027230033262769992,362.10186767578125
657,1487.0,-0.00301954432896829,348.6236267089844
658,1745.0,-0.0033196865268629544,427.4576416015625
659,1688.0,-0.0023701365244050976,338.83099365234375
660,1775.0,-0.002436100826603901,372.2523193359375
661,1703.0,-0.003126859346463919,296.2208251953125
662,1478.0,-0.003262623466460874,353.6419982910156
663,1778.0,-0.0032825712660269346,414.8236083984375
664,1526.0,-0.0028859997404911803,297.650146484375
665,1596.0,-0.003087202569726547,389.5462951660156
666,1715.0,-0.0029633335020012703,367.2945251464844
667,1872.0,-0.0025039926002656493,401.1681213378906
668,1919.0,-0.0035311336203968885,415.9756164550781
669,1856.0,-0.002603025924924753,370.37469482421875
670,1814.0,-0.0032842149600713,432.1351318359375
671,2000.0,-0.0035560529647357597,362.4972839355469
672,1781.0,-0.003136671687181141,383.1015319824219
673,1646.0,-0.002948758443251011,293.376953125
674,1778.0,-0.003241973849201583,368.6232604980469
675,1826.0,-0.0034723472513828063,373.2679748535156
676,1625.0,-0.0038177447199814196,307.7066650390625
677,1808.0,-0.003302218179929436,361.3878173828125
678,1643.0,-0.0030028278760515343,336.28094482421875
679,1695.0,-0.0036124238372394757,386.0071105957031
680,1659.0,-0.0031863841110342556,394.2894592285156
681,1421.0,-0.0034576671210483517,343.7620544433594
682,1660.0,-0.0036389985958261866,365.9385681152344
683,1883.0,-0.0029016244887835846,390.95697021484375
684,1668.0,-0.0034596270991512157,361.89544677734375
685,1578.0,-0.0030967441138532842,318.70428466796875
686,1859.0,-0.003160103654928597,413.23516845703125
687,1724.0,-0.003381455679898084,455.714599609375
688,1835.0,-0.0025307208933164865,334.6074523925781
689,1833.0,-0.00347150794290688,412.5454406738281
690,1823.0,-0.002867616805815487,337.7304382324219
691,1784.0,-0.0036962897685433355,414.7718200683594
692,1673.0,-0.003367978950726475,377.4172668457031
693,1803.0,-0.0027219466132269838,362.4378662109375
694,1670.0,-0.0028936522984232787,329.0605773925781
695,1427.0,-0.0032284087580722242,305.2265930175781
696,1773.0,-0.002794697891139159,378.525146484375
697,1581.0,-0.0034199212102196596,316.1787414550781
698,1772.0,-0.002851987674278332,367.8698425292969
699,1412.0,-0.003044904015301394,372.5928955078125
700,1691.0,-0.003492573448186574,412.3276672363281
701,1757.0,-0.0032766311672795772,297.61444091796875
702,1799.0,-0.0026205215700169254,446.90509033203125
703,1884.0,-0.0033505270352439504,462.02325439453125
704,1748.0,-0.0031457470610933213,402.09503173828125
705,1845.0,-0.0032109255215410876,398.6954040527344
706,1865.0,-0.002906284859948625,341.8862609863281
707,1712.0,-0.0033474063657195074,354.4447021484375
708,1667.0,-0.0029113660604187836,333.3798522949219
709,1511.0,-0.003208809654162386,309.4052734375
710,1829.0,-0.0029676970436542304,336.912841796875
711,1772.0,-0.0028772006855563503,324.4783020019531
712,1652.0,-0.0031938359169154345,335.8512878417969
713,1685.0,-0.0032309195118744227,318.2635192871094
714,1688.0,-0.00352155474794407,332.7599182128906
715,1883.0,-0.0031071516302420476,366.7684631347656
716,1740.0,-0.0030880718263688323,372.32977294921875
717,1607.0,-0.0035896982839014008,340.1580810546875
718,1517.0,-0.003958089645428637,370.191650390625
719,1961.0,-0.0035020507882239016,448.61358642578125
720,1775.0,-0.0032379560484514514,368.958740234375
721,1679.0,-0.003915239780521266,436.0523986816406
722,1589.0,-0.003231601587490981,339.2870178222656
723,1697.0,-0.003742266844190973,415.77313232421875
724,1682.0,-0.0030424928632523268,371.705322265625
725,1559.0,-0.0031538160865888392,386.4622802734375
726,1421.0,-0.003237185600482917,361.352783203125
727,1613.0,-0.003363232347250492,384.4866638183594
728,1524.0,-0.0033971714537334003,385.4402160644531
729,1904.0,-0.003151477063836085,374.31134033203125
730,1685.0,-0.003365987427449519,381.3630676269531
731,1706.0,-0.003343089687535082,335.0155029296875
732,1853.0,-0.003054064358496232,406.3885803222656
733,1685.0,-0.0028150424269110124,298.58709716796875
734,2015.0,-0.003250595646282558,451.0439758300781
735,1737.0,-0.0034711550614961845,357.95269775390625
736,1658.0,-0.0038577738628841223,404.11663818359375
737,1743.0,-0.003092248991574057,410.1167907714844
738,1988.0,-0.0035024269961598164,440.7487487792969
739,1706.0,-0.004023791840804084,420.9279479980469
740,1742.0,-0.003544133238197641,410.808837890625
741,1565.0,-0.002875801785843838,307.7752685546875
742,1913.0,-0.003759887774387088,413.8892822265625
743,1820.0,-0.003844771487170614,369.4414367675781
744,1763.0,-0.0038383101704571993,330.3937683105469
745,1688.0,-0.0035911440927520744,345.9789733886719
746,1739.0,-0.003326295770291056,395.2830810546875
747,1676.0,-0.003914774533054047,384.54925537109375
748,1817.0,-0.00400412459124969,332.97283935546875
749,1514.0,-0.003588578205121199,292.68170166015625
750,1643.0,-0.003900264761991171,404.0597229003906
751,1571.0,-0.003885877803765782,337.9808044433594
752,1577.0,-0.0030639548737261585,349.0479431152344
753,1692.0,-0.004234707903703695,450.6925964355469
754,1817.0,-0.0038287982782614044,431.7681579589844
755,1709.0,-0.0031105567430976017,430.7347717285156
756,1712.0,-0.003545278363032724,363.6822509765625
757,2042.0,-0.003605003069878876,563.5664672851562
758,1616.0,-0.003425796837875948,345.7322998046875
759,1838.0,-0.004301309214562414,327.6405029296875
760,1911.0,-0.003140579591997396,373.89862060546875
761,1958.0,-0.003811784597149069,433.9154052734375
762,1643.0,-0.004081268470469824,333.0028991699219
763,1782.0,-0.003427879299709145,324.9367370605469
764,1694.0,-0.003648703287905976,394.3368225097656
765,1758.0,-0.003940401033430264,417.88812255859375
766,1895.0,-0.00341975489664037,401.0606689453125
767,1830.0,-0.0038051801025176246,427.7081604003906
768,1907.0,-0.003149098072234275,397.3542785644531
769,1763.0,-0.0033409388524237977,309.7992858886719
770,1997.0,-0.003583691654447258,397.98150634765625
771,1757.0,-0.004036351120183619,385.18505859375
772,1731.0,-0.003332028954965998,418.1268615722656
773,1583.0,-0.0030855917584631243,284.1094055175781
774,1811.0,-0.003139900053676164,372.31201171875
775,2030.0,-0.0037614870185669652,407.845458984375
776,1652.0,-0.0032397936277967737,400.058837890625
777,2132.0,-0.0037299602927955027,389.8694763183594
778,1778.0,-0.0033170714106225724,365.6525573730469
779,1493.0,-0.003598196837239292,351.65960693359375
780,1700.0,-0.0033492799641732874,430.4903564453125
781,1847.0,-0.0035215037953223926,356.9839172363281
782,1709.0,-0.003648256741079032,359.3059387207031
783,1658.0,-0.003940721783237677,430.35699462890625
784,1901.0,-0.002739747746805473,348.4017333984375
785,1451.0,-0.0034397036476678166,367.8274841308594
786,1775.0,-0.004107789282118445,299.315185546875
787,1712.0,-0.0026765219283463792,358.8468322753906
788,1673.0,-0.0029409015568100066,343.0502624511719
789,1547.0,-0.0032445233402670836,324.84918212890625
790,1733.0,-0.0031816117603479404,367.93963623046875
791,1844.0,-0.002947034242099887,358.9777526855469
792,1598.0,-0.004079141156255771,301.6468200683594
793,1670.0,-0.0036117758131695155,354.05804443359375
794,1895.0,-0.0026882445293137736,382.64813232421875
795,1839.0,-0.0033635923177826044,360.56103515625
796,1973.0,-0.003270950062415068,358.60302734375
797,1778.0,-0.0034985569202815115,394.9957580566406
798,2012.0,-0.002380996539419097,449.2222900390625
799,1821.0,-0.002669046968289227,380.14373779296875
800,1718.0,-0.0032902380827571115,415.5606689453125
801,1739.0,-0.003620786380971757,315.0032043457031
802,1767.0,-0.0030624184397700966,334.25592041015625
803,1721.0,-0.0024805183581000684,386.1466979980469
804,2011.0,-0.0030739064493770585,418.75115966796875
805,1730.0,-0.003200454384893549,326.3230285644531
806,1758.0,-0.0037774483820872513,363.7557067871094
807,1589.0,-0.002674517579764922,310.2001647949219
808,1808.0,-0.002856015282694508,330.6925354003906
809,1502.0,-0.003743549452272938,323.247802734375
810,1731.0,-0.002837663551872538,359.00421142578125
811,1437.0,-0.00282716241235903,394.6321105957031
812,1578.0,-0.0025596347837953154,383.41302490234375
813,1661.0,-0.0028877216906429176,299.8630676269531
814,1823.0,-0.0026811477591763833,392.82000732421875
815,1792.0,-0.003002972568538098,427.6509704589844
816,2126.0,-0.0032975713623792607,505.19915771484375
817,1685.0,-0.003226189939466297,358.1061706542969
818,1818.0,-0.0032279440978137636,394.6561584472656
819,1419.0,-0.0026790760325638985,299.36273193359375
820,1910.0,-0.0026898118907021334,403.20062255859375
821,1577.0,-0.0035041450408763402,347.1268005371094
822,1850.0,-0.0026619836109083345,325.9103698730469
823,1715.0,-0.00328189386183502,400.127197265625
824,1868.0,-0.00361506670833478,352.87298583984375
825,1715.0,-0.003129846955159467,387.4061584472656
826,1823.0,-0.0030057410540393903,318.30712890625
827,1589.0,-0.0034430830347186464,305.54034423828125
828,1991.0,-0.003031718953414903,431.30853271484375
829,1880.0,-0.0023744595410529917,370.34271240234375
830,1874.0,-0.0029914519187254234,395.30902099609375
831,1547.0,-0.0033424033239108602,302.52471923828125
832,1826.0,-0.003342961439622221,402.3854064941406
833,1904.0,-0.002391559636180318,407.84619140625
834,1685.0,-0.002511875714195152,315.2755432128906
835,1733.0,-0.0028606602264257424,360.4978332519531
836,1685.0,-0.0030054844706423217,331.3619079589844
837,1562.0,-0.002981365713886979,293.5330810546875
838,1838.0,-0.0027097213233641276,348.7810363769531
839,2036.0,-0.0032216796980719664,456.7718811035156
840,1730.0,-0.003091500964663802,335.8320617675781
841,1376.0,-0.002648956001913965,368.29718017578125
842,1865.0,-0.0032128943010840366,415.4101867675781
843,1751.0,-0.0034266157510631145,329.28643798828125
844,1832.0,-0.0034685740441610896,366.1567077636719
845,1703.0,-0.0033941935464229444,398.5318603515625
846,1766.0,-0.0028916067479128416,399.7187805175781
847,1835.0,-0.0027283384049821635,402.79034423828125
848,1922.0,-0.002770583986473087,418.7151794433594
849,1706.0,-0.002889387726359668,317.984619140625
850,1715.0,-0.0029481637042668546,301.4282531738281
851,1973.0,-0.0026073892640852137,349.71588134765625
852,1371.0,-0.0025873755627929184,356.93817138671875
853,1595.0,-0.002374239188611682,362.33489990234375
854,1805.0,-0.003522424496687953,444.63775634765625
855,1847.0,-0.0028961911156589588,330.3584899902344
856,1925.0,-0.003028466515778356,435.3056640625
857,1643.0,-0.0027909875383167154,349.8441162109375
858,1674.0,-0.003054737069695485,341.4469299316406
859,1515.0,-0.0027662071006488986,399.442626953125
860,1691.0,-0.0037899383199666253,306.2886047363281
861,1910.0,-0.003281232709663787,380.4145202636719
862,1826.0,-0.002771551471336612,369.9600524902344
863,1769.0,-0.0034531964215602784,384.5211181640625
864,1388.0,-0.0030229834577377396,357.9300842285156
865,1634.0,-0.0032293668995667497,297.4627685546875
866,1781.0,-0.0027875484394956273,375.5986633300781
867,1814.0,-0.002804665408283264,356.54217529296875
868,1790.0,-0.003103938170235259,388.7984924316406
869,1742.0,-0.0029323384688463455,295.3656311035156
870,1688.0,-0.0030285557062208163,419.965087890625
871,1734.0,-0.003579997852024722,433.68255615234375
872,1715.0,-0.002203732059050318,356.0185852050781
873,1748.0,-0.002817961562738804,324.5071105957031
874,1910.0,-0.0022763828494914507,351.5206298828125
875,1691.0,-0.0032937426658463664,341.1619567871094
876,1604.0,-0.00239924945214755,309.6483459472656
877,1783.0,-0.00286921620038681,423.4105224609375
878,1734.0,-0.002923183367784077,337.2345275878906
879,1938.0,-0.0028230108073330484,419.69219970703125
880,1793.0,-0.002947281117420581,451.1116027832031
881,1681.0,-0.003876030744322634,398.3245544433594
882,1794.0,-0.003603722364654719,363.28887939453125
883,1499.0,-0.0038726903315884037,309.451171875
884,1799.0,-0.002536486106886774,368.630615234375
885,1619.0,-0.0036898131684860607,326.471435546875
886,1763.0,-0.0032607242460471753,381.5294189453125
887,1665.0,-0.003935072113368473,364.5088806152344
888,1865.0,-0.003595368318331436,368.60955810546875
889,1700.0,-0.0031482858985977407,427.1368408203125
890,1952.0,-0.002749084196563802,399.814453125
891,1700.0,-0.003027106256987671,350.3564147949219
892,1868.0,-0.003472733792412847,393.4315490722656
893,1640.0,-0.0029249523008080098,325.28973388671875
894,1628.0,-0.0028377445909037696,285.6024475097656
895,1847.0,-0.0027932935567735384,346.5550537109375
896,1646.0,-0.0027909008417087273,283.3077087402344
897,1590.0,-0.002466414158594229,411.6412048339844
898,1626.0,-0.0027131762486923045,406.8623962402344
899,1958.0,-0.0022492000869403584,391.84027099609375
900,1932.0,-0.0026502635341135567,446.8604431152344
901,1668.0,-0.003052924523737082,437.93585205078125
902,1991.0,-0.002640254989663455,392.1285705566406
903,1736.0,-0.0026597142069866614,331.8204345703125
904,1868.0,-0.0029397845553051282,477.0641174316406
905,1982.0,-0.0021350361906310616,498.1084289550781
906,1847.0,-0.0029753992306008775,413.5400085449219
907,1769.0,-0.0029987479826039426,363.3086853027344
908,1946.0,-0.0027427513931408093,485.97412109375
909,1673.0,-0.003090972583257618,335.9977111816406
910,1850.0,-0.0034686021437145037,350.45208740234375
911,1631.0,-0.0031656714165494903,320.7912902832031
912,1664.0,-0.0027294237140397725,356.9648742675781
913,1853.0,-0.0027396945116119503,343.5594787597656
914,1922.0,-0.0033995175150656515,371.81201171875
915,1805.0,-0.0033867356372476415,422.144775390625
916,1874.0,-0.0027777114833043015,335.9971923828125
917,1754.0,-0.0029949171555797094,391.40606689453125
918,1679.0,-0.002909146970003868,359.6119689941406
919,2060.0,-0.003412778917923528,352.63067626953125
920,1808.0,-0.003846693771135636,407.0519104003906
921,2057.0,-0.0028150143220955215,425.46807861328125
922,2024.0,-0.003172315987220437,379.8012390136719
923,1988.0,-0.002986783713562805,417.2674255371094
924,1787.0,-0.003206340611801092,338.1608581542969
925,1697.0,-0.0031292380840568512,391.3870849609375
926,1787.0,-0.0026507502074569595,359.3200378417969
927,1739.0,-0.0034805879069738565,368.8716735839844
928,2003.0,-0.002788064129617851,385.4680480957031
929,1893.0,-0.002928960333455117,418.5268859863281
930,1571.0,-0.003195284036402362,310.4253234863281
931,1538.0,-0.0031993546610595202,301.05474853515625
932,1587.0,-0.002546277418007646,440.35723876953125
933,1871.0,-0.0027794363509201503,396.8338317871094
934,1718.0,-0.0031488369785230524,365.111572265625
935,1706.0,-0.0024056412349377104,379.92730712890625
936,1466.0,-0.0030958767197911846,326.82635498046875
937,1769.0,-0.002831926893057763,372.0990295410156
938,1616.0,-0.0030071749218093047,345.37786865234375
939,1658.0,-0.0032027271291294062,329.556884765625
940,1919.0,-0.0029583918513448487,422.1273193359375
941,1739.0,-0.002801851649954707,332.5296630859375
942,1598.0,-0.003087114256946474,326.72210693359375
943,1877.0,-0.0034189054493773646,365.9541320800781
944,1967.0,-0.002460792453738187,412.70599365234375
945,1718.0,-0.0031705300456061586,370.3786315917969
946,1658.0,-0.0033206682448638147,360.8395690917969
947,1709.0,-0.0033765011281242812,284.37628173828125
948,1715.0,-0.0029786733899917245,419.61566162109375
949,1646.0,-0.003255368002295914,384.0098571777344
950,1967.0,-0.0030697228721042586,415.94927978515625
951,1751.0,-0.003083828110772759,318.79339599609375
952,1706.0,-0.003380055057797498,372.3681945800781
953,1721.0,-0.0027351108702272802,357.52130126953125
954,1679.0,-0.002564464682563994,336.1574401855469
955,1821.0,-0.002710470485193842,360.1031494140625
956,1787.0,-0.002941610488700722,321.6016540527344
957,1697.0,-0.0028209365314069146,465.5298156738281
958,1850.0,-0.0030928241873360613,308.5635681152344
959,1752.0,-0.003213243856472608,433.92108154296875
960,1919.0,-0.002748508667471989,438.0003662109375
961,1616.0,-0.0031131656486910026,337.511962890625
962,1958.0,-0.003196877855836127,389.15057373046875
963,1805.0,-0.0033154260959885767,341.8258056640625
964,1827.0,-0.003683103098735176,349.086181640625
965,1898.0,-0.003392826462784017,391.28558349609375
966,1712.0,-0.002615603006688616,309.55572509765625
967,1667.0,-0.0030598173700257447,334.6058044433594
968,1907.0,-0.0036492244143378877,385.2957458496094
969,1968.0,-0.003671330758996711,450.98651123046875
970,2138.0,-0.0030367909815335486,443.2749938964844
971,1796.0,-0.00364968499882577,370.798583984375
972,1730.0,-0.0032849606456498543,383.0787353515625
973,2022.0,-0.0032616234162625396,387.3398132324219
974,1889.0,-0.003109997703891817,469.95428466796875
975,1595.0,-0.0034108834652865233,310.30120849609375
976,1850.0,-0.0028741857064947646,327.6816101074219
977,1601.0,-0.0029290997698093895,292.7807922363281
978,1925.0,-0.002453666801004926,353.1845397949219
979,1902.0,-0.0031914624941496834,402.4291076660156
980,1916.0,-0.0035142940998217193,362.8116455078125
981,1796.0,-0.0029045587404133194,375.0780944824219
982,1748.0,-0.0037014147667377983,366.4643859863281
983,1586.0,-0.0033680257533887925,288.67572021484375
984,1766.0,-0.0029172436851630274,306.1520080566406
985,1781.0,-0.002509218344714879,380.8228454589844
986,1799.0,-0.002962533883159527,451.502197265625
987,1703.0,-0.002938774217877186,364.1093444824219
988,1808.0,-0.0030959374729328764,372.35308837890625
989,1685.0,-0.0032413751458924317,313.53338623046875
990,1583.0,-0.003891288890762163,366.5531005859375
991,1910.0,-0.0029265343391996013,428.9032897949219
992,1970.0,-0.003848297620379526,376.0035400390625
993,1590.0,-0.002888274125910227,404.2251281738281
994,1526.0,-0.0030665736146277467,339.6438903808594
995,1838.0,-0.0027077164538695797,421.7193298339844
996,1871.0,-0.003357256707723926,466.4169616699219
997,1646.0,-0.002971841347305469,461.91375732421875
998,1904.0,-0.002903753595579214,422.7155456542969
999,1896.0,-0.003509150394945339,373.7908020019531
1000,1742.0,-0.0029385299926941244,349.785400390625
