episode,total_reward,actor_loss,critic_loss,consensus_rate,byzantine_detection_rate,false_positive_rate,avg_trust_score
1,-1071.0,-0.021068269420149072,125.64954376220703,0.51,0.1625,0.302,0.2414285714285714
2,-1052.0,-0.020356898062995503,140.83377075195312,0.68,0.2275,0.286,0.24428571428571436
3,-4060.0,-0.02046105807780155,131.75936889648438,0.555,0.33,0.296,0.1985714285714287
4,-2553.0,-0.018075924100620405,122.2531509399414,0.535,0.095,0.213,0.4800000000000001
5,-3090.0,-0.01677037027132298,130.21331787109375,0.565,0.1025,0.282,0.13857142857142865
6,-2867.0,-0.016812741773069968,123.0537109375,0.525,0.28,0.217,0.49428571428571433
7,-2538.0,-0.01562350258297686,135.04754638671875,0.46,0.11,0.219,0.32571428571428573
8,-2124.0,-0.01501913313820426,132.024658203125,0.51,0.0725,0.259,0.45857142857142874
9,-1421.0,-0.016785885706277832,154.7990264892578,0.61,0.2125,0.258,0.15000000000000013
10,-4096.0,-0.013952536475179451,144.22589111328125,0.55,0.1925,0.236,0.4400000000000001
11,-2563.0,-0.014122818945907056,155.66497802734375,0.495,0.13,0.215,0.54
12,-2547.0,-0.012713555412899171,154.16268920898438,0.5,0.205,0.263,0.44285714285714295
13,-4001.0,-0.00945053728563445,223.34239196777344,0.655,0.385,0.258,0.37000000000000005
14,-1036.0,-0.010754660827972527,275.5250244140625,0.495,0.0875,0.179,0.5614285714285715
15,-1988.0,-0.010123491170816123,167.36598205566406,0.535,0.1075,0.283,0.5157142857142858
16,-1292.0,-0.008917394144061421,340.3393859863281,0.585,0.32,0.21,0.45571428571428596
17,-1966.0,-0.012097761583780604,279.12774658203125,0.7,0.1,0.31,0.2571428571428571
18,-1413.0,-0.007063438259397766,294.3741760253906,0.545,0.13,0.23,0.47285714285714303
19,-2520.0,-0.007965873452901309,349.8545837402344,0.57,0.3175,0.193,0.4457142857142858
20,-3236.0,-0.0081045172326932,305.7391357421875,0.685,0.2575,0.283,0.5
21,-1118.0,-0.007810664637612977,229.6463165283203,0.64,0.3325,0.238,0.4371428571428573
22,-2082.0,-0.007150261679531208,281.40997314453125,0.7,0.4,0.222,0.4142857142857144
23,-2025.0,-0.0071258773594828585,239.9397735595703,0.605,0.105,0.27,0.48999999999999994
24,-3275.0,-0.008235387213062495,187.04238891601562,0.64,0.295,0.193,0.4871428571428572
25,-1982.0,-0.007002808344883046,520.3342895507812,0.64,0.295,0.284,0.4500000000000002
26,-2647.0,-0.00594257764584784,245.5165557861328,0.585,0.1275,0.248,0.6357142857142858
27,-3251.0,-0.0071128400159068406,341.13470458984375,0.68,0.4325,0.216,0.5142857142857143
28,-1810.0,-0.008620992082537018,239.4383087158203,0.595,0.3375,0.188,0.4114285714285714
29,-2705.0,-0.006914401052719248,193.60336303710938,0.655,0.44,0.21,0.6085714285714287
30,-1510.0,-0.007225026800629816,271.9902648925781,0.71,0.3575,0.228,0.4685714285714287
31,-3062.0,-0.006169902850940291,204.46047973632812,0.57,0.1375,0.278,0.36714285714285716
32,-1787.0,-0.00581371523938807,320.92327880859375,0.535,0.2275,0.307,0.24142857142857152
33,-2464.0,-0.006672217548059832,247.07080078125,0.7,0.365,0.233,0.5000000000000001
34,-2663.0,-0.005018292926251888,247.60983276367188,0.805,0.4625,0.267,0.48285714285714304
35,-3056.0,-0.006556141614315233,227.38259887695312,0.675,0.205,0.265,0.5042857142857143
36,-2729.0,-0.005706981225687612,310.754638671875,0.79,0.3975,0.284,0.49142857142857144
37,-2395.0,-0.006115504615341446,217.9287567138672,0.645,0.18,0.275,0.3971428571428572
38,-2406.0,-0.00495626510071036,215.00013732910156,0.59,0.11,0.261,0.6371428571428571
39,-371.0,-0.00561816940483238,331.32220458984375,0.65,0.3075,0.186,0.3871428571428571
40,-3097.0,-0.005309312887090657,211.49720764160156,0.605,0.1125,0.245,0.5900000000000002
41,-4761.0,-0.006109978076502947,200.2091827392578,0.705,0.365,0.274,0.40142857142857163
42,-2213.0,-0.006031262625973406,258.2083740234375,0.68,0.2075,0.297,0.42571428571428604
43,-4293.0,-0.0077835100320433935,201.6673583984375,0.725,0.2925,0.274,0.4942857142857144
44,-2405.0,-0.006375669135845133,253.913330078125,0.76,0.2875,0.288,0.49142857142857144
45,-1377.0,-0.006462126695883593,296.6807556152344,0.675,0.2925,0.249,0.3742857142857143
46,-3044.0,-0.007951019369232069,209.39866638183594,0.66,0.3275,0.286,0.4671428571428572
47,-2394.0,-0.006271022330370865,237.1948699951172,0.71,0.2925,0.278,0.4585714285714289
48,-2799.0,-0.008257047443683925,215.51390075683594,0.785,0.4825,0.25,0.4885714285714287
49,-4389.0,-0.00557061900118632,241.70169067382812,0.84,0.51,0.316,0.47428571428571437
50,-4499.0,-0.0055135990738303265,281.0094909667969,0.675,0.325,0.274,0.46428571428571436
51,-1866.0,-0.0055903601460158825,221.22433471679688,0.74,0.26,0.27,0.5000000000000001
52,-1471.0,-0.005732093738125903,223.47975158691406,0.615,0.265,0.198,0.4985714285714288
53,-3019.0,-0.005254699341354093,265.0796203613281,0.69,0.3925,0.281,0.4885714285714286
54,-3707.0,-0.005117312402165096,216.8600616455078,0.655,0.0975,0.296,0.4128571428571431
55,-1792.0,-0.005386353611746537,287.5355529785156,0.71,0.235,0.27,0.5257142857142859
56,-2015.0,-0.006745565208672945,315.6208801269531,0.7,0.1375,0.267,0.5142857142857143
57,-1963.0,-0.005985891515073101,232.0481719970703,0.81,0.4475,0.244,0.48857142857142855
58,-991.0,-0.006961244358015912,245.54771423339844,0.79,0.5025,0.244,0.4571428571428574
59,-3336.0,-0.005047466626690168,265.7269287109375,0.77,0.4175,0.26,0.5085714285714287
60,-2337.0,-0.007225594653781238,229.7442626953125,0.835,0.42,0.256,0.5185714285714286
61,-3866.0,-0.007795585523126647,276.097412109375,0.71,0.475,0.265,0.3928571428571429
62,-4115.0,-0.007559489250914859,292.697998046875,0.805,0.445,0.285,0.4857142857142857
63,-1402.0,-0.005071946511244667,339.7416076660156,0.595,0.09,0.231,0.4942857142857143
64,-3535.0,-0.005917642876738682,236.7810821533203,0.71,0.3375,0.272,0.5114285714285715
65,-1821.0,-0.0053341726888902485,236.20936584472656,0.715,0.51,0.205,0.55
66,-3151.0,-0.006019292349394943,287.61590576171875,0.74,0.395,0.26,0.5014285714285717
67,-2217.0,-0.0060783072216768885,362.93743896484375,0.625,0.14,0.292,0.41285714285714287
68,-3237.0,-0.0071026686346158385,264.1603698730469,0.8,0.445,0.204,0.5685714285714287
69,-2318.0,-0.005703711402020417,251.8382568359375,0.67,0.2375,0.256,0.3471428571428573
70,-4189.0,-0.006044521892493192,326.08734130859375,0.725,0.4025,0.251,0.4014285714285714
71,-791.0,-0.007435598408587144,364.9936218261719,0.645,0.4525,0.194,0.5371428571428571
72,-817.0,-0.006170804703807724,397.9414367675781,0.725,0.3975,0.227,0.5085714285714287
73,-1785.0,-0.007323036610614508,329.3913879394531,0.66,0.27,0.231,0.5928571428571429
74,-3922.0,-0.0054964955363954815,286.3331604003906,0.735,0.2625,0.299,0.5114285714285715
75,-1044.0,-0.006869560340419412,272.5557556152344,0.8,0.2875,0.272,0.38
76,-4840.0,-0.005431199047182288,227.35243225097656,0.705,0.29,0.292,0.6157142857142858
77,-3319.0,-0.004930421859691185,260.0720520019531,0.685,0.31,0.252,0.4757142857142858
78,-1034.0,-0.0053059451477435815,288.26025390625,0.645,0.3225,0.243,0.5
79,-465.0,-0.0036593955259637107,296.8738708496094,0.78,0.4625,0.295,0.4928571428571429
80,-2367.0,-0.005642499184302453,297.94268798828125,0.715,0.3975,0.245,0.3514285714285715
81,-619.0,-0.004405275232524478,279.6874694824219,0.77,0.3675,0.304,0.3414285714285716
82,-2803.0,-0.004019364573261035,230.63780212402344,0.605,0.035,0.264,0.5185714285714288
83,-3262.0,-0.005667428930922013,263.90570068359375,0.675,0.3475,0.252,0.562857142857143
84,-2548.0,-0.0057952484972442365,236.71954345703125,0.745,0.365,0.206,0.6071428571428571
85,-1428.0,-0.005377486578903959,231.64947509765625,0.49,0.18,0.17,0.49142857142857144
86,-1653.0,-0.0037734678543139516,232.65879821777344,0.62,0.12,0.288,0.4928571428571429
87,-2432.0,-0.004542114188162876,351.38720703125,0.58,0.125,0.306,0.4328571428571429
88,-1605.0,-0.005632355923548208,364.2939453125,0.635,0.105,0.278,0.435714285714286
89,-2387.0,-0.006013070443129566,211.20870971679688,0.76,0.1325,0.337,0.30285714285714294
90,-2870.0,-0.006684630046947859,292.8489990234375,0.65,0.1925,0.268,0.48285714285714293
91,-1120.0,-0.005290231721508982,204.22390747070312,0.665,0.12,0.326,0.2757142857142859
92,-3605.0,-0.006796236434768487,244.34066772460938,0.825,0.3275,0.318,0.4728571428571429
93,-3572.0,-0.006087236468114757,326.4520568847656,0.735,0.2975,0.271,0.572857142857143
94,-3008.0,-0.005349389778400239,330.3062744140625,0.77,0.3425,0.326,0.25142857142857145
95,-3612.0,-0.004717975823690982,257.591796875,0.65,0.1825,0.391,0.5500000000000002
96,-4669.0,-0.005717598234436342,254.22427368164062,0.825,0.425,0.307,0.3871428571428571
97,-1197.0,-0.004980447579457957,255.08836364746094,0.625,0.055,0.361,0.48857142857142855
98,-3521.0,-0.0020525169519325054,226.15733337402344,0.765,0.37,0.299,0.3914285714285716
99,-433.0,-0.002575626931502484,293.9570617675781,0.685,0.345,0.271,0.37857142857142856
100,-3006.0,-0.0022475768491858616,274.6781005859375,0.76,0.47,0.246,0.5185714285714286
101,-2819.0,-0.0018597683873459963,246.8080596923828,0.76,0.285,0.283,0.4957142857142857
102,-2966.0,-0.0014264507221274211,292.411376953125,0.62,0.0625,0.397,0.4600000000000001
103,-3305.0,-0.0028272862047223108,272.7803955078125,0.75,0.4625,0.27,0.5000000000000001
104,-2444.0,-0.0017841331240820832,260.1446228027344,0.865,0.4475,0.345,0.28714285714285737
105,-1072.0,-0.0026638820438945133,249.87928771972656,0.82,0.4175,0.252,0.49857142857142867
106,-2163.0,0.001969992361929534,312.67327880859375,0.575,0.075,0.308,0.6714285714285716
107,-2764.0,-0.00016154609329532832,249.78404235839844,0.64,0.2075,0.279,0.6085714285714287
108,-2492.0,-0.00045380761106831154,268.2989501953125,0.685,0.0625,0.39,0.48857142857142855
109,-1366.0,-0.0024393248500668313,334.07012939453125,0.835,0.1925,0.353,0.36714285714285716
110,-3227.0,-0.002310754542122595,265.29229736328125,0.66,0.2875,0.308,0.3642857142857145
111,-1795.0,-0.0025626350231634986,319.6406555175781,0.735,0.22,0.308,0.4857142857142857
112,-1439.0,-0.00374055295625502,211.9826202392578,0.67,0.27,0.357,0.5571428571428573
113,-3896.0,0.0017683810167779615,315.5371398925781,0.71,0.2125,0.288,0.7185714285714287
114,-3610.0,0.00022873179529727037,224.82833862304688,0.735,0.33,0.243,0.5900000000000001
115,-463.0,-5.7465084994743976e-05,233.30230712890625,0.605,0.2075,0.265,0.5057142857142859
116,-3054.0,-0.004061466854182072,285.1585693359375,0.88,0.385,0.31,0.39142857142857146
117,-1343.0,-0.000306057754122386,315.2220458984375,0.54,0.06,0.285,0.5442857142857144
118,-1230.0,-0.0022750714228355457,326.1108093261719,0.645,0.2475,0.306,0.37714285714285717
119,-250.0,0.002910162112259838,302.2431945800781,0.55,0.1125,0.269,0.4928571428571429
120,-887.0,0.0067326244814986625,259.49395751953125,0.775,0.175,0.314,0.24428571428571427
121,-2856.0,0.006926100904820487,295.04376220703125,0.445,0.0275,0.31,0.61
122,-1479.0,0.009109050559345633,261.51556396484375,0.585,0.0325,0.341,0.5
123,-234.0,0.00638109770495378,352.0205993652344,0.72,0.0975,0.298,0.37142857142857155
124,-1054.0,0.009504320623818785,357.9129638671875,0.895,0.245,0.299,0.38
125,-2322.0,0.006461573032928365,287.5277404785156,0.62,0.0175,0.399,0.49142857142857144
126,-2003.0,0.00834531762770244,306.3079528808594,0.67,0.0925,0.403,0.48714285714285716
127,-1519.0,0.008498770446749404,336.0550537109375,0.575,0.1425,0.249,0.4442857142857145
128,-1150.0,0.008507629694317334,273.4689636230469,0.48,0.055,0.255,0.29714285714285715
129,-2534.0,0.006735261989108819,313.023193359375,0.61,0.125,0.316,0.25714285714285723
130,-1425.0,-0.000303247756424493,314.8363342285156,0.775,0.2225,0.365,0.25428571428571434
131,-1563.0,-0.0013098212366458029,438.46124267578125,0.745,0.2625,0.312,0.24428571428571447
132,-2809.0,-0.0022400667969902444,357.77923583984375,0.57,0.345,0.299,0.40142857142857163
133,-1651.0,-0.001695063712499437,390.7782897949219,0.64,0.2875,0.312,0.31714285714285717
134,-1253.0,-0.0005230592879732805,249.29872131347656,0.6,0.025,0.37,0.46857142857142886
135,-2929.0,-0.0027400666544313674,297.7305603027344,0.72,0.1425,0.307,0.3828571428571429
136,-1180.0,-0.0016746627807151526,317.6483154296875,0.615,0.1475,0.307,0.3
137,-3267.0,-0.003605381447414402,363.4397277832031,0.65,0.26,0.299,0.2885714285714287
138,-1633.0,-0.0013996944970650865,184.4371795654297,0.7,0.235,0.399,0.2814285714285715
139,-3164.0,0.0014264666148976954,240.91519165039062,0.535,0.06,0.392,0.36
140,-1330.0,-0.0009577694852071415,319.05596923828125,0.625,0.15,0.377,0.3742857142857143
141,-3917.0,0.002113737423704671,283.25457763671875,0.77,0.2725,0.34,0.3771428571428572
142,-2637.0,0.009397851384294751,229.9500274658203,0.565,0.16,0.345,0.39714285714285713
143,-1832.0,0.0011537595284088248,380.267578125,0.775,0.095,0.391,0.31000000000000005
144,-5191.0,0.015501510767665292,303.7037658691406,0.69,0.42,0.321,0.3457142857142857
145,-3596.0,0.010288823358548273,274.3055114746094,0.675,0.145,0.316,0.5957142857142858
146,-1336.0,0.008834065713537191,313.3651123046875,0.805,0.29,0.315,0.35571428571428576
147,-1772.0,0.002898683201887512,295.7403259277344,0.715,0.1175,0.352,0.51
148,-5470.0,0.017529443151683415,288.5020751953125,0.86,0.41,0.365,0.24428571428571436
149,-3860.0,0.0307923963939954,253.4126434326172,0.81,0.42,0.289,0.4171428571428572
150,-2606.0,0.016065765022566274,318.9109191894531,0.675,0.265,0.367,0.5257142857142859
151,-1667.0,0.011512887035288648,267.5172119140625,0.77,0.2225,0.375,0.3314285714285717
152,-3166.0,0.00992507599169455,338.9997253417969,0.705,0.2,0.303,0.27999999999999997
153,-2344.0,0.011944930112804286,266.24200439453125,0.525,0.0525,0.348,0.5457142857142857
154,-1497.0,0.008272385075023132,393.47528076171875,0.57,0.0425,0.33,0.3328571428571429
155,-1921.0,0.010728525549763748,389.0474548339844,0.58,0.1375,0.307,0.3928571428571429
156,-2639.0,0.007429654620604457,282.8628234863281,0.73,0.355,0.297,0.45000000000000007
157,-3213.0,0.00637908120656253,293.2083435058594,0.6,0.1925,0.285,0.42142857142857165
158,-2318.0,0.0018231649363380192,261.3218994140625,0.72,0.24,0.274,0.34142857142857147
159,-3438.0,0.005250515073255103,318.04345703125,0.66,0.155,0.315,0.5214285714285716
160,-2359.0,0.004548393445605013,316.2508850097656,0.68,0.14,0.371,0.44142857142857156
161,-554.0,0.002452521506971347,392.4080810546875,0.655,0.1925,0.28,0.4714285714285716
162,-2788.0,0.001972460013348609,331.05364990234375,0.66,0.3075,0.34,0.3242857142857144
163,-2818.0,0.010736375827296538,270.80316162109375,0.625,0.0625,0.299,0.562857142857143
164,-622.0,0.013630655203347228,302.2597351074219,0.505,0.1125,0.26,0.3814285714285715
165,-1911.0,0.009874915084635307,361.8091125488281,0.64,0.0825,0.381,0.48857142857142855
166,-848.0,0.025183436468068976,321.7636413574219,0.47,0.0775,0.41,0.4057142857142857
167,-2433.0,0.034134619865134094,342.86981201171875,0.595,0.05,0.417,0.37
168,-1014.0,0.017950847212757384,388.9827880859375,0.58,0.065,0.373,0.38571428571428573
169,-2763.0,0.025863268434477504,387.78643798828125,0.68,0.3675,0.211,0.542857142857143
170,-2549.0,0.024148564077872185,326.0504455566406,0.55,0.105,0.398,0.44142857142857145
171,-1773.0,0.02028324903325743,230.8475799560547,0.785,0.105,0.308,0.36285714285714293
172,-2319.0,0.014085156385720308,294.8917541503906,0.645,0.0725,0.347,0.48857142857142855
173,-3293.0,0.024225958976395696,262.7575378417969,0.575,0.0925,0.353,0.552857142857143
174,-3240.0,0.02339710609625659,271.6077880859375,0.63,0.1625,0.339,0.26142857142857145
175,-3090.0,0.010709264914372138,229.0038604736328,0.79,0.3225,0.329,0.19000000000000014
176,-709.0,0.021873794792294836,277.55133056640625,0.755,0.1175,0.314,0.2271428571428575
177,-3404.0,0.0170317893212736,302.8577575683594,0.635,0.145,0.347,0.2671428571428572
178,-3647.0,0.019693781773509857,281.98834228515625,0.615,0.095,0.444,0.3985714285714286
179,-2538.0,0.00024817756950921776,303.9010314941406,0.695,0.245,0.294,0.28
180,-1911.0,0.032748056752357764,270.1520080566406,0.73,0.235,0.318,0.4614285714285716
181,-3041.0,0.018510398279301756,299.5236511230469,0.795,0.15,0.436,0.25
182,-2810.0,0.03528044829623208,284.83935546875,0.68,0.0425,0.424,0.6128571428571429
183,-1800.0,0.023315226975163177,397.08135986328125,0.605,0.015,0.286,0.6157142857142858
184,-2032.0,0.022344870311956453,329.7151794433594,0.63,0.065,0.399,0.6128571428571429
185,-4061.0,0.016307468112375188,297.4232177734375,0.735,0.11,0.422,0.24285714285714288
186,-2091.0,0.031083147922929908,363.87353515625,0.63,0.22,0.323,0.2828571428571429
187,-1511.0,0.04653307944889613,324.4565124511719,0.49,0.1225,0.355,0.3785714285714286
188,-609.0,0.033620151349168736,381.16552734375,0.575,0.09,0.368,0.3628571428571429
189,-2379.0,0.02696572272283707,274.2007751464844,0.61,0.0625,0.392,0.4171428571428573
190,-1779.0,0.025311001171108467,430.97607421875,0.545,0.005,0.401,0.4900000000000001
191,-3206.0,0.02276124102978169,353.8431091308594,0.655,0.0175,0.411,0.37
192,-2004.0,0.03357392332847147,286.983154296875,0.69,0.05,0.358,0.36571428571428577
193,-2233.0,0.025904627643675276,385.0275573730469,0.595,0.12,0.376,0.2485714285714287
194,-2405.0,0.019613418582594022,393.6808776855469,0.57,0.0675,0.384,0.49285714285714316
195,-2836.0,0.03775370840022723,289.74615478515625,0.62,0.2225,0.303,0.4200000000000002
196,-1111.0,0.026594906183683115,378.5140075683594,0.635,0.0875,0.322,0.2557142857142859
197,-1122.0,0.025248210091376677,338.2984313964844,0.645,0.22,0.372,0.3771428571428572
198,-555.0,0.020318690697812208,248.95712280273438,0.565,0.0875,0.326,0.4028571428571429
199,-1882.0,0.015293962577873441,346.8536682128906,0.62,0.0925,0.36,0.51
200,-999.0,0.0009745993146290337,308.3739929199219,0.93,0.15,0.354,0.3685714285714286
201,-1260.0,0.026086563682058892,310.1471862792969,0.68,0.025,0.382,0.47714285714285715
202,-1804.0,0.023642571351956576,323.50579833984375,0.605,0.045,0.349,0.45857142857142863
203,-2946.0,0.023600404972967226,396.02642822265625,0.59,0.0175,0.32,0.5200000000000001
204,-2314.0,0.02811221969750477,434.4040832519531,0.435,0.005,0.441,0.5614285714285715
205,-1609.0,0.026268502507134275,388.927490234375,0.66,0.16,0.353,0.12142857142857143
206,-1689.0,0.017443707700294908,342.7095947265625,0.51,0.0175,0.304,0.5571428571428573
207,-3324.0,0.020636679804218665,336.5445251464844,0.565,0.015,0.341,0.44571428571428573
208,-2723.0,0.04650102620715708,333.49932861328125,0.55,0.1375,0.337,0.40285714285714286
209,-1654.0,0.015100304166220926,372.12017822265625,0.54,0.0425,0.352,0.38571428571428584
210,-3233.0,0.008837182064391007,281.8572082519531,0.72,0.175,0.424,0.26571428571428574
211,-3344.0,0.017001664000937517,326.4161071777344,0.555,0.0275,0.438,0.6157142857142858
212,-3479.0,0.02267470902630261,307.8464660644531,0.56,0.0525,0.396,0.3828571428571429
213,-2697.0,0.01636972900035159,457.4964904785156,0.625,0.055,0.369,0.3857142857142857
214,-3120.0,0.009785503174498444,344.7268981933594,0.49,0.015,0.371,0.36428571428571427
215,-3257.0,0.01763626352580364,279.8717041015625,0.635,0.035,0.36,0.5014285714285714
216,-1014.0,0.046088241235078646,378.83209228515625,0.59,0.17,0.349,0.40857142857142864
217,-4032.0,0.027849332026172697,328.116943359375,0.715,0.14,0.403,0.27285714285714285
218,-3109.0,0.01041289526827833,275.1996765136719,0.585,0.305,0.272,0.5942857142857142
219,-2567.0,0.04665867933986841,300.9105529785156,0.67,0.13,0.375,0.38285714285714284
220,-4048.0,0.03206746850212637,293.4717712402344,0.7,0.0475,0.394,0.25999999999999995
221,-3480.0,0.04299090805060197,498.4803771972656,0.56,0.0,0.496,0.5771428571428573
222,-1568.0,0.03444221116452744,286.5175476074219,0.62,0.0275,0.38,0.49714285714285705
223,-1724.0,0.03709089497299699,245.39561462402344,0.755,0.0325,0.452,0.4885714285714286
224,-3011.0,0.012507729115895927,292.5596923828125,0.685,0.055,0.416,0.3971428571428573
225,-1893.0,0.040307875019997094,300.5845642089844,0.545,0.04,0.315,0.42714285714285716
226,-1400.0,0.00887095969665097,344.3692626953125,0.75,0.0475,0.382,0.4328571428571429
227,-723.0,0.01146313059559491,345.0383605957031,0.465,0.14,0.356,0.3271428571428571
228,-3469.0,0.014524920537431691,351.12017822265625,0.575,0.0325,0.383,0.5757142857142858
229,-2202.0,0.027395378301402422,554.3321533203125,0.675,0.1825,0.39,0.2885714285714286
230,121.0,0.01272231960319914,385.5813293457031,0.69,0.1525,0.311,0.23714285714285716
231,-945.0,0.007954082732404848,306.83807373046875,0.665,0.0475,0.445,0.26285714285714284
232,839.0,0.009541187671337477,467.0806884765625,0.715,0.22,0.255,0.5057142857142858
233,-3289.0,0.02531218793644387,336.46148681640625,0.525,0.015,0.379,0.62
234,-3003.0,0.01697783251542465,478.9895935058594,0.595,0.09,0.411,0.39142857142857146
235,-2988.0,0.025909156534388394,382.185302734375,0.815,0.08,0.412,0.2542857142857143
236,26.0,0.018451229675390226,456.5892028808594,0.575,0.015,0.217,0.7457142857142858
237,-2302.0,0.03529300870078649,326.7937927246094,0.805,0.085,0.437,0.3814285714285714
238,-2468.0,0.0204765391629605,374.91632080078125,0.48,0.0225,0.443,0.5057142857142859
239,-2021.0,0.01567671419200321,403.7390441894531,0.635,0.0225,0.367,0.6157142857142858
240,-1664.0,0.011549946405076688,356.509521484375,0.68,0.0325,0.422,0.25
241,-3243.0,0.009287810249848658,306.60498046875,0.605,0.065,0.405,0.38571428571428595
242,-2364.0,0.015361994844819751,334.18353271484375,0.53,0.065,0.419,0.4742857142857143
243,-3220.0,0.00806229147461376,283.1742248535156,0.64,0.0225,0.443,0.5742857142857142
244,-1601.0,0.016199191027096407,302.4181213378906,0.805,0.1375,0.436,0.12714285714285714
245,-2435.0,0.008484465503508025,377.8299255371094,0.565,0.0,0.4,0.6214285714285713
246,-1875.0,0.015403618223250046,384.0190734863281,0.685,0.04,0.431,0.3942857142857144
247,-1689.0,0.015159458748322712,312.7737731933594,0.565,0.03,0.425,0.38
248,-2544.0,0.0189632014568945,344.7115173339844,0.63,0.0425,0.321,0.45428571428571446
249,-2068.0,0.019689876515518075,521.9014892578125,0.525,0.01,0.436,0.35714285714285715
250,-2575.0,-0.0015461643976907777,393.572021484375,0.75,0.1475,0.404,0.25
251,-2304.0,0.02255512939154869,348.1907653808594,0.845,0.1425,0.378,0.2485714285714286
252,-3229.0,0.01682030430726757,355.06915283203125,0.66,0.04,0.399,0.4142857142857143
253,-1509.0,0.016405049719781215,271.991455078125,0.675,0.055,0.393,0.49714285714285716
254,-947.0,-0.0038169024909231147,348.8130187988281,0.82,0.075,0.45,0.13
255,-1498.0,0.009285685674902717,281.108642578125,0.79,0.085,0.382,0.48857142857142855
256,-123.0,0.025750142976383877,297.2131042480469,0.68,0.13,0.325,0.4314285714285715
257,-526.0,0.014625713580504194,353.54754638671875,0.775,0.15,0.242,0.5742857142857145
258,-708.0,0.012942350995477423,345.9559020996094,0.745,0.1025,0.366,0.4057142857142858
259,-1757.0,0.025878822620143183,246.80276489257812,0.805,0.1275,0.354,0.23142857142857146
260,-4162.0,0.009322347978013568,316.40423583984375,0.7,0.1,0.411,0.3057142857142857
261,-1069.0,0.022511653923304818,310.50994873046875,0.675,0.055,0.343,0.24428571428571427
262,-2289.0,0.02383217536095929,248.68994140625,0.73,0.11,0.428,0.36571428571428577
263,-2876.0,0.03128959786616698,313.1354675292969,0.765,0.16,0.349,0.18285714285714308
264,-1031.0,0.05191115635690429,337.93084716796875,0.48,0.0425,0.346,0.3342857142857145
265,-1758.0,0.04581985858177567,304.93585205078125,0.575,0.0175,0.365,0.4271428571428572
266,-2228.0,0.034168933531743405,227.20826721191406,0.765,0.1275,0.316,0.3685714285714287
267,-2386.0,0.03191884118548062,434.13055419921875,0.65,0.07,0.389,0.4642857142857147
268,-2324.0,0.03791694614587219,323.96685791015625,0.645,0.04,0.365,0.49714285714285716
269,-2056.0,0.04386809444882341,305.4161682128906,0.625,0.0525,0.39,0.4328571428571431
270,-862.0,0.032759195263289645,355.6239318847656,0.605,0.05,0.364,0.48857142857142855
271,-1341.0,0.03851866613695165,396.39373779296875,0.685,0.0575,0.389,0.25857142857142856
272,-899.0,0.05454516241973449,275.36004638671875,0.69,0.08,0.372,0.5014285714285714
273,-1948.0,0.03306823015632939,327.5270690917969,0.8,0.095,0.36,0.11142857142857143
274,-2392.0,0.06627415288572333,291.9942626953125,0.665,0.02,0.397,0.49142857142857144
275,-2678.0,0.06729126335579037,312.5518798828125,0.59,0.03,0.44,0.62
276,-2393.0,0.06575731932597202,331.0818176269531,0.67,0.1,0.356,0.4957142857142857
277,-1612.0,0.0721285254902406,408.4122619628906,0.645,0.045,0.428,0.6114285714285714
278,-2043.0,0.06402662122439194,323.6510925292969,0.7,0.0275,0.493,0.2742857142857143
279,-2154.0,0.09261067347220628,333.9032287597656,0.685,0.065,0.401,0.4928571428571429
280,-2455.0,0.07894843186243504,433.5138244628906,0.685,0.09,0.422,0.37000000000000016
281,-1038.0,0.06596061835599747,302.2225036621094,0.785,0.0975,0.36,0.4928571428571428
282,-1903.0,0.08532406071026344,361.3955383300781,0.635,0.0925,0.439,0.3185714285714286
283,-3228.0,0.07942765677892437,342.23712158203125,0.58,0.05,0.312,0.6171428571428572
284,-3130.0,0.0477176593599974,319.6021423339844,0.585,0.02,0.359,0.35571428571428576
285,-1484.0,0.06925552901312974,364.7469482421875,0.73,0.01,0.432,0.5514285714285715
286,-2842.0,0.044620330859158584,378.60723876953125,0.66,0.0375,0.41,0.6214285714285716
287,-3028.0,0.04909439011680661,343.05126953125,0.56,0.045,0.368,0.3471428571428571
288,395.0,0.06516166149335081,259.7138366699219,0.81,0.1025,0.362,0.22142857142857153
289,-1885.0,0.08747284695190112,495.68267822265625,0.665,0.0375,0.386,0.4014285714285715
290,-1506.0,0.11261763407882038,346.1294250488281,0.72,0.095,0.394,0.23000000000000004
291,-1724.0,0.11549665225071035,390.0088806152344,0.745,0.11,0.407,0.2485714285714286
292,-1237.0,0.07763444892978962,303.24810791015625,0.665,0.0975,0.412,0.2557142857142857
293,-2116.0,0.07165126002031943,322.77996826171875,0.565,0.0125,0.413,0.62
294,-1099.0,0.0448106603258306,305.3604736328125,0.585,0.0325,0.386,0.4942857142857143
295,-2325.0,0.055880450672702864,351.50091552734375,0.61,0.0225,0.43,0.3200000000000003
296,-2033.0,0.08604988619897215,347.2814025878906,0.745,0.1075,0.392,0.26142857142857145
297,-2459.0,0.05661670909674805,395.1715087890625,0.58,0.04,0.366,0.3814285714285714
298,-1692.0,0.07187572623141543,288.1111755371094,0.65,0.02,0.463,0.44571428571428573
299,-2371.0,0.05244322061272604,302.0886535644531,0.655,0.1,0.34,0.30142857142857155
300,-2300.0,0.04213263177682945,389.59930419921875,0.47,0.0325,0.386,0.37142857142857144
301,-1157.0,0.030092221227407987,409.89837646484375,0.76,0.085,0.431,0.2714285714285714
302,-2232.0,0.048823986288750475,238.96246337890625,0.65,0.085,0.419,0.4885714285714286
303,-2897.0,0.03602686898063569,306.10723876953125,0.635,0.05,0.394,0.3657142857142857
304,-2063.0,0.020946255997322232,438.8252868652344,0.55,0.1175,0.381,0.23714285714285713
305,-3382.0,0.031571315488171034,303.10528564453125,0.58,0.09,0.399,0.3742857142857143
306,-1483.0,0.022889391605401346,289.334228515625,0.545,0.0025,0.372,0.6185714285714285
307,-1866.0,0.016108483363495907,318.31878662109375,0.755,0.185,0.322,0.3671428571428571
308,-2386.0,0.04001859712090144,343.6483459472656,0.635,0.0425,0.419,0.29285714285714287
309,-2175.0,0.02418449185954939,312.8026428222656,0.555,0.0625,0.384,0.35000000000000014
310,-1408.0,0.035027520699908825,269.6042175292969,0.565,0.0075,0.388,0.61
311,-3471.0,0.03696690881042741,382.7568664550781,0.725,0.0575,0.411,0.2542857142857143
312,-3145.0,0.03870042250491679,306.7593078613281,0.715,0.165,0.392,0.26857142857142857
313,-2182.0,0.05130422877742343,313.6911926269531,0.545,0.01,0.352,0.6100000000000001
314,-2760.0,0.07095317179066894,429.2154235839844,0.665,0.2225,0.339,0.28714285714285726
315,-1036.0,0.0463344788212063,290.8020324707031,0.82,0.18,0.379,0.172857142857143
316,-3067.0,0.06225223461660789,301.38177490234375,0.73,0.11,0.408,0.4957142857142857
317,-3229.0,0.07043086820963904,432.0520324707031,0.57,0.0075,0.507,0.38571428571428573
318,-1961.0,0.061130869001707264,286.2740478515625,0.795,0.11,0.415,0.11142857142857143
319,-415.0,0.0696800701371103,298.195068359375,0.875,0.0825,0.372,0.3642857142857143
320,-5396.0,0.03648491613837125,264.0054626464844,0.665,0.1475,0.39,0.25571428571428567
321,-1042.0,0.03073358625156938,259.7516784667969,0.565,0.08,0.388,0.36714285714285716
322,-1471.0,0.04387048524222337,304.4672546386719,0.685,0.0575,0.373,0.2757142857142857
323,-3165.0,0.020949036207249656,355.52001953125,0.585,0.03,0.354,0.4171428571428577
324,-3488.0,0.02879738473659797,360.0447082519531,0.675,0.1075,0.321,0.17714285714285719
325,-1679.0,0.03401055942439208,389.5204162597656,0.645,0.07,0.36,0.35285714285714287
326,-1790.0,0.03814057501689864,372.6586608886719,0.65,0.1625,0.295,0.25
327,-2923.0,0.027460055085871966,317.6488342285156,0.625,0.0675,0.367,0.3171428571428573
328,-1842.0,0.017109297487227844,329.8173522949219,0.7,0.18,0.358,0.37000000000000005
329,-124.0,0.04091640501324686,362.068603515625,0.775,0.0625,0.363,0.13857142857142857
330,-1419.0,0.030294615872532762,337.6280822753906,0.58,0.065,0.365,0.3357142857142858
331,-3541.0,0.03969159827101976,332.1208190917969,0.77,0.2025,0.386,0.18285714285714286
332,-857.0,0.03863357888725919,328.8913879394531,0.605,0.055,0.339,0.332857142857143
333,-2138.0,0.03940365030160008,290.3545227050781,0.745,0.045,0.448,0.2542857142857143
334,304.0,0.03335164683708821,428.6693420410156,0.66,0.0675,0.35,0.22285714285714286
335,435.0,0.02641052582787649,461.56463623046875,0.825,0.1075,0.32,0.12142857142857143
336,-1835.0,0.027908152817482396,426.1282958984375,0.615,0.065,0.392,0.24714285714285714
337,-1746.0,0.012157385564933065,269.2882995605469,0.855,0.155,0.381,0.4928571428571429
338,-1006.0,0.030668572439546033,387.8792419433594,0.645,0.1075,0.283,0.6128571428571429
339,-1390.0,0.01427077031153853,300.6658630371094,0.78,0.0675,0.311,0.4971428571428572
340,-284.0,0.027595912192607232,464.41192626953125,0.59,0.01,0.33,0.5114285714285715
341,-2686.0,0.04865392119141428,384.2087097167969,0.58,0.0325,0.459,0.32
342,-2285.0,0.04425998608452834,295.666748046875,0.685,0.07,0.408,0.4957142857142857
343,-583.0,0.07525987826634914,340.5662536621094,0.715,0.05,0.428,0.4885714285714287
344,277.0,0.06362749213128284,317.4527893066406,0.785,0.065,0.388,0.44571428571428573
345,-1049.0,0.07650291762859394,446.1991271972656,0.58,0.0175,0.354,0.6057142857142858
346,-1456.0,0.07072415992063595,336.1172180175781,0.53,0.0425,0.387,0.6085714285714285
347,-999.0,0.09839084751417561,444.7344055175781,0.635,0.0275,0.351,0.25000000000000006
348,-735.0,0.04401573966398636,585.2234497070312,0.72,0.1225,0.355,0.2571428571428571
349,-1273.0,0.05338650969705278,379.34149169921875,0.71,0.0975,0.44,0.26285714285714284
350,-90.0,0.04722886402201506,466.5644836425781,0.71,0.095,0.328,0.2342857142857143
351,-2401.0,0.069490798221003,403.6316833496094,0.66,0.025,0.408,0.5457142857142859
352,-2202.0,0.06910769441622376,352.708984375,0.53,0.11,0.373,0.3742857142857143
353,-3093.0,0.0909428440603993,322.4545593261719,0.525,0.0025,0.479,0.39285714285714285
354,-1358.0,0.09989799181312264,337.2071838378906,0.615,0.02,0.409,0.6142857142857144
355,-2412.0,0.16241903628490814,275.6273498535156,0.625,0.0525,0.403,0.40571428571428575
356,-2545.0,0.1359485069920733,437.7466125488281,0.785,0.0325,0.476,0.25999999999999995
357,-1532.0,0.10763026626019771,399.6589050292969,0.635,0.0675,0.331,0.6428571428571429
358,-548.0,0.1138420797901095,402.9428405761719,0.63,0.09,0.414,0.38428571428571434
359,-1726.0,0.13446305241242434,370.427001953125,0.65,0.07,0.414,0.4957142857142857
360,-2436.0,0.1395081045338884,328.9815673828125,0.71,0.05,0.444,0.49142857142857144
361,-495.0,0.1444860888898672,514.1544189453125,0.755,0.0525,0.384,0.23714285714285716
362,-1488.0,0.15998213980388495,283.3996887207031,0.75,0.0525,0.429,0.24857142857142858
363,-704.0,0.12644372028807993,405.9771423339844,0.57,0.085,0.282,0.5528571428571429
364,726.0,0.10687845133361407,452.8634033203125,0.695,0.1375,0.241,0.5014285714285717
365,-2141.0,0.10788528123729131,456.4838562011719,0.535,0.0275,0.393,0.4957142857142857
366,-1249.0,0.14648835217771453,332.7158203125,0.56,0.085,0.441,0.35857142857142854
367,-2605.0,0.1392817921483324,360.1355895996094,0.65,0.195,0.296,0.5742857142857142
368,-100.0,0.23236708579705528,412.02789306640625,0.745,0.3,0.31,0.26285714285714296
369,-966.0,0.13539929969920195,422.2655029296875,0.635,0.185,0.327,0.24000000000000002
370,-2272.0,0.14456545330644335,350.56927490234375,0.64,0.05,0.378,0.25142857142857145
371,-1576.0,0.11285712135785227,436.3912353515625,0.58,0.0375,0.334,0.3071428571428573
372,-2518.0,0.12020002961071441,383.2223815917969,0.77,0.1175,0.379,0.24285714285714285
373,-262.0,0.08904574277819068,304.727783203125,0.585,0.0425,0.383,0.43571428571428594
374,-1467.0,0.0934890936384493,438.5452880859375,0.7,0.0725,0.389,0.26142857142857145
375,-2959.0,0.08880415294827669,365.6273498535156,0.5,0.0275,0.445,0.3742857142857143
376,-2726.0,0.07959407494620661,481.7050476074219,0.82,0.105,0.401,0.12428571428571429
377,-2714.0,0.05908400732265103,480.9800109863281,0.54,0.0975,0.346,0.3614285714285715
378,-3509.0,0.04867215403386841,309.97735595703125,0.78,0.0475,0.447,0.26142857142857145
379,-2578.0,0.044816894251458246,365.5733337402344,0.705,0.065,0.366,0.22285714285714292
380,-2352.0,0.039528797932559555,374.44970703125,0.55,0.0375,0.421,0.51
381,-1302.0,0.05620764152627089,325.45166015625,0.765,0.085,0.402,0.2642857142857143
382,-2677.0,0.05315197486457431,363.9236755371094,0.63,0.105,0.375,0.26142857142857145
383,-2092.0,0.08563889433831459,368.44598388671875,0.51,0.0575,0.375,0.3271428571428571
384,-3059.0,0.08710717842196962,310.4735412597656,0.64,0.03,0.442,0.36571428571428577
385,-4192.0,0.07722932561513776,432.53192138671875,0.715,0.1325,0.368,0.2528571428571429
386,-3659.0,0.06808657376625758,422.3836364746094,0.575,0.04,0.333,0.4585714285714287
387,-641.0,0.08256815195740533,287.36859130859375,0.685,0.0325,0.41,0.3057142857142857
388,-1853.0,0.08061021327843523,364.5450134277344,0.685,0.2575,0.329,0.1414285714285715
389,-1740.0,0.054742114665714325,314.4324951171875,0.655,0.09,0.391,0.6142857142857142
390,-2491.0,0.0395658788352843,311.0696716308594,0.64,0.01,0.446,0.6171428571428572
391,-2613.0,0.026624219933312685,363.8399353027344,0.725,0.2275,0.347,0.19142857142857148
392,54.0,0.045110582747708704,306.83184814453125,0.85,0.14,0.376,0.3657142857142857
393,-4020.0,0.025297571047433718,352.15435791015625,0.735,0.1025,0.403,0.24571428571428575
394,-3186.0,0.014806891585197133,265.52984619140625,0.86,0.205,0.401,0.25285714285714284
395,-2298.0,0.02288243262332149,421.09625244140625,0.725,0.2475,0.294,0.1842857142857143
396,-1219.0,0.029969775376230245,278.3870544433594,0.765,0.265,0.357,0.2542857142857143
397,-2294.0,0.022306116443879937,424.32421875,0.595,0.1275,0.339,0.1714285714285715
398,-2472.0,0.020379795380514616,396.6367492675781,0.535,0.1,0.356,0.38285714285714284
399,-3003.0,0.02979006825989927,311.2037658691406,0.705,0.065,0.306,0.3100000000000001
400,-2426.0,0.04918284548589976,401.64495849609375,0.81,0.3175,0.365,0.1685714285714286
401,-4928.0,0.03375798832036837,331.47589111328125,0.655,0.1425,0.407,0.4042857142857144
402,-1283.0,0.047518206094017454,330.5965270996094,0.54,0.01,0.355,0.6185714285714285
403,-1693.0,0.048922091991179126,367.86614990234375,0.695,0.095,0.384,0.37000000000000005
404,-3283.0,0.07844281494596674,340.0888671875,0.58,0.04,0.416,0.3871428571428571
405,-2718.0,0.07037146095795574,343.45220947265625,0.59,0.0525,0.371,0.33428571428571435
406,-2080.0,0.07343567903808434,380.171630859375,0.56,0.075,0.277,0.31428571428571433
407,-408.0,0.05182998909523511,378.73272705078125,0.565,0.0325,0.35,0.3885714285714286
408,-3040.0,0.07569114627507847,389.9465026855469,0.62,0.0775,0.366,0.3642857142857145
409,-2163.0,0.07537172413919636,272.267822265625,0.785,0.1375,0.381,0.2057142857142858
410,-1324.0,0.060948509096176294,492.1532897949219,0.57,0.025,0.315,0.5242857142857142
411,-664.0,0.08185620037121615,321.9950256347656,0.68,0.0875,0.312,0.6014285714285715
412,-2375.0,0.06752054978798176,356.4755859375,0.56,0.185,0.314,0.4171428571428572
413,-1428.0,0.07835870002288305,376.357666015625,0.705,0.1125,0.36,0.13285714285714284
414,-1633.0,0.05783791669559183,294.18548583984375,0.565,0.0775,0.368,0.49571428571428594
415,-1097.0,0.04911988151850112,327.73553466796875,0.735,0.0475,0.392,0.48142857142857143
416,-1520.0,0.04186506939523887,397.94561767578125,0.6,0.1375,0.339,0.36714285714285716
417,-1212.0,0.021615478445060683,536.659912109375,0.79,0.105,0.386,0.24571428571428572
418,-1702.0,0.039054420216936184,424.8392333984375,0.69,0.1175,0.373,0.2285714285714286
419,475.0,0.05010275614456207,496.9627990722656,0.83,0.15,0.375,0.36571428571428566
420,-3747.0,0.07381248135633152,391.6851806640625,0.695,0.065,0.399,0.2942857142857143
421,-3415.0,0.04440265477387584,368.6646728515625,0.58,0.14,0.457,0.3685714285714285
422,336.0,0.08321696040210165,256.3058166503906,0.605,0.0625,0.381,0.48571428571428577
423,-3966.0,0.07055346459570241,342.01263427734375,0.665,0.135,0.387,0.2657142857142857
424,-4375.0,0.06071943160869913,355.13201904296875,0.665,0.0525,0.455,0.25142857142857145
425,-1755.0,0.04506566235171964,316.576171875,0.555,0.0075,0.457,0.4871428571428572
426,-2010.0,0.042161296559372986,406.7248840332031,0.58,0.1325,0.303,0.4928571428571429
427,-2088.0,0.053968724412698066,308.27191162109375,0.625,0.01,0.405,0.5714285714285714
428,-3357.0,0.09116257230198244,486.00164794921875,0.71,0.1075,0.36,0.15428571428571428
429,-672.0,0.035709331120805085,374.5672607421875,0.725,0.1275,0.349,0.48714285714285716
430,-2875.0,0.055390541256721396,338.9719543457031,0.47,0.0375,0.396,0.35857142857142854
431,-2684.0,0.04865413949404943,347.8043212890625,0.63,0.0,0.424,0.4985714285714286
432,-2056.0,0.05266264907861894,446.3160400390625,0.62,0.075,0.35,0.28000000000000014
433,-1717.0,0.06518697672384276,281.92529296875,0.755,0.1025,0.412,0.48571428571428577
434,-1709.0,0.06150007938413182,282.6446228027344,0.855,0.2075,0.394,0.11285714285714285
435,-3303.0,0.050026341115361514,410.95953369140625,0.585,0.0575,0.394,0.35285714285714287
436,-1519.0,0.03777755877828375,363.1629943847656,0.565,0.0125,0.387,0.6171428571428572
437,-1651.0,0.07746661644237715,326.6300048828125,0.61,0.1225,0.383,0.41000000000000014
438,-1477.0,0.054678901202610826,321.9743347167969,0.545,0.0125,0.483,0.61
439,-3456.0,0.06231356637259263,343.5787353515625,0.55,0.0775,0.385,0.3742857142857143
440,-3662.0,0.06214718215466876,355.3662109375,0.565,0.0275,0.357,0.5685714285714286
441,-3896.0,0.06617267032145589,245.3424835205078,0.78,0.2025,0.438,0.6257142857142857
442,-2169.0,0.0621213805627901,363.4566345214844,0.505,0.09,0.415,0.3757142857142858
443,-1589.0,0.05694782083290712,267.9450378417969,0.56,0.0025,0.419,0.6128571428571429
444,-1183.0,0.05409836287487581,287.3756103515625,0.675,0.0425,0.401,0.6114285714285713
445,-1541.0,0.056442707309283184,363.5863342285156,0.47,0.02,0.463,0.37714285714285717
446,-1494.0,0.03981249784711898,261.6658630371094,0.6,0.03,0.416,0.602857142857143
447,-4074.0,0.04102764222417526,417.84515380859375,0.625,0.28,0.361,0.3400000000000002
448,-2520.0,0.03581560273440638,345.7294921875,0.525,0.0175,0.4,0.37714285714285717
449,-3459.0,0.03433869499505298,309.1153259277344,0.74,0.22,0.382,0.28142857142857153
450,-1055.0,0.029110756333726125,402.85150146484375,0.62,0.24,0.248,0.61
451,-2479.0,0.014186661106058247,358.5379333496094,0.725,0.175,0.37,0.48571428571428577
452,-1426.0,0.023494935104931107,489.42559814453125,0.725,0.08,0.451,0.1142857142857143
453,-893.0,0.015308288176519065,322.2633361816406,0.71,0.2025,0.385,0.3642857142857143
454,-2107.0,0.014655162579791587,334.81732177734375,0.665,0.15,0.379,0.3757142857142858
455,-2522.0,0.02554217547627299,408.51947021484375,0.655,0.0425,0.439,0.24857142857142858
456,585.0,0.03695209368639293,651.0991821289062,0.765,0.265,0.317,0.16714285714285712
457,-2566.0,0.03734893386250145,331.55157470703125,0.58,0.0275,0.402,0.62
458,375.0,0.056037929833109956,419.414794921875,0.73,0.07,0.345,0.28285714285714286
459,-38.0,0.04081596293950237,300.18731689453125,0.505,0.0125,0.316,0.5142857142857143
460,-2409.0,0.05856483366889214,380.2854919433594,0.85,0.1275,0.396,0.20428571428571432
461,-2879.0,0.030221655398366108,284.2480773925781,0.6,0.005,0.431,0.6071428571428571
462,-2638.0,0.032052383837643514,303.9218444824219,0.635,0.0525,0.345,0.48000000000000015
463,-2626.0,0.028099900917628214,401.2740478515625,0.785,0.235,0.41,0.24714285714285733
464,-1808.0,0.11972555713094023,361.3111572265625,0.89,0.1425,0.4,0.3200000000000002
465,-1209.0,0.09529859894662097,402.28094482421875,0.685,0.275,0.233,0.4671428571428572
466,-3137.0,0.060806734989455435,377.7340393066406,0.725,0.1125,0.393,0.24285714285714285
467,-2229.0,0.03146280452295157,306.8542175292969,0.545,0.0675,0.384,0.5085714285714287
468,-2240.0,0.03716218889426922,324.205810546875,0.565,0.0225,0.424,0.6128571428571429
469,-1044.0,0.029936526114397566,272.2069091796875,0.81,0.0925,0.402,0.49000000000000005
470,-14.0,0.07623962605742106,225.4053497314453,0.785,0.17,0.419,0.17428571428571432
471,-741.0,0.07158359705447635,310.6564636230469,0.795,0.07,0.392,0.4942857142857143
472,-2019.0,0.08429979090526883,371.0225830078125,0.61,0.1725,0.393,0.3342857142857144
473,-1388.0,0.09585934502268044,440.9606018066406,0.525,0.0375,0.47,0.36428571428571427
474,-1682.0,0.11256509014804449,272.6859130859375,0.64,0.02,0.425,0.5842857142857143
475,-2477.0,0.11401848046495745,296.84857177734375,0.505,0.0225,0.392,0.39428571428571424
476,-1931.0,0.13839140373550304,342.56341552734375,0.68,0.035,0.416,0.31857142857142856
477,-952.0,0.1710814966349322,420.466064453125,0.65,0.055,0.355,0.25
478,-1791.0,0.17771294019673536,317.4991149902344,0.65,0.065,0.417,0.2485714285714286
479,-1843.0,0.14653670842692787,325.9230651855469,0.51,0.02,0.407,0.33
480,-3158.0,0.12107681408035985,444.4705810546875,0.55,0.025,0.48,0.34857142857142864
481,-2380.0,0.20163485772198847,306.8034362792969,0.58,0.0875,0.42,0.23714285714285716
482,-3037.0,0.17334084468218083,387.4554138183594,0.535,0.0425,0.461,0.3885714285714286
483,-1932.0,0.22459196759258962,372.6930236816406,0.48,0.005,0.409,0.37
484,-1736.0,0.2271451901763482,295.838623046875,0.655,0.0,0.42,0.51
485,418.0,0.24610933407010244,502.22601318359375,0.505,0.0275,0.329,0.41857142857142887
486,-1664.0,0.24941232860666268,440.00390625,0.635,0.0075,0.339,0.3942857142857144
487,-2321.0,0.17026431350313942,479.6752014160156,0.485,0.145,0.376,0.3614285714285715
488,188.0,0.17248047529782135,503.1307067871094,0.495,0.0325,0.263,0.5771428571428573
489,-774.0,0.18490031540672394,486.22979736328125,0.685,0.13,0.385,0.23857142857142857
490,-2728.0,0.1491736519778247,345.9478759765625,0.5,0.0175,0.37,0.42714285714285716
491,-890.0,0.20084674934436667,422.08038330078125,0.555,0.0325,0.31,0.5271428571428574
492,101.0,0.17666720110199613,458.73175048828125,0.9,0.0475,0.462,0.14142857142857143
493,-1122.0,0.16393249278345529,282.1001892089844,0.725,0.05,0.402,0.4885714285714286
494,-1100.0,0.13748708866218554,269.6354064941406,0.595,0.015,0.366,0.6142857142857142
495,-2677.0,0.08577813486252646,420.6806640625,0.52,0.07,0.499,0.3742857142857142
496,-1309.0,0.09136063256716755,328.7555847167969,0.57,0.0225,0.444,0.42857142857142877
497,-523.0,0.09334150600209666,320.73797607421875,0.5,0.0675,0.419,0.3628571428571429
498,200.0,0.07624295286119118,598.3363647460938,0.61,0.1425,0.314,0.4728571428571429
499,-111.0,0.07258467004846482,370.2823791503906,0.565,0.0275,0.328,0.3585714285714286
500,-749.0,0.1330496698875712,363.2433776855469,0.75,0.0925,0.412,0.24571428571428575
501,-1386.0,0.0718164686997105,323.2083435058594,0.655,0.0525,0.414,0.49714285714285716
502,101.0,0.10554411519322977,258.43212890625,0.495,0.0,0.464,0.34714285714285714
503,-2058.0,0.10424203440821397,364.5769348144531,0.58,0.0375,0.376,0.382857142857143
504,-3375.0,0.12104728113211292,356.0115051269531,0.685,0.0625,0.396,0.27999999999999997
505,-1104.0,0.1279865294964111,321.6808166503906,0.705,0.025,0.432,0.4942857142857143
506,-175.0,0.10209400103069909,261.537353515625,0.59,0.0475,0.384,0.48142857142857143
507,-1917.0,0.07660589712499391,309.063720703125,0.66,0.0425,0.403,0.49571428571428566
508,-1095.0,0.11742802964831103,304.8612365722656,0.725,0.0425,0.378,0.4857142857142857
509,-1595.0,0.09276136222511663,273.4892883300781,0.595,0.0025,0.433,0.6171428571428572
510,-120.0,0.09689386575389237,427.1582336425781,0.625,0.04,0.304,0.22428571428571428
511,412.0,0.08358459156547074,437.05633544921875,0.5,0.0125,0.257,0.7271428571428571
512,-2762.0,0.07320033633160554,268.1167907714844,0.56,0.0,0.373,0.62
513,-1904.0,0.10599189753026751,353.7059020996094,0.63,0.0375,0.43,0.3814285714285714
514,-1604.0,0.13183436071942975,364.0076904296875,0.7,0.045,0.379,0.23428571428571426
515,-1619.0,0.1206792863319736,300.93817138671875,0.53,0.015,0.437,0.37
516,-2238.0,0.08051492383856385,502.50604248046875,0.725,0.0225,0.459,0.24857142857142858
517,-1273.0,0.12040992825287893,344.32598876953125,0.625,0.0975,0.339,0.26999999999999996
518,-1577.0,0.07693409422271154,463.8679504394531,0.495,0.0025,0.409,0.37857142857142856
519,-2323.0,0.09829326254631658,331.88836669921875,0.595,0.0625,0.43,0.3728571428571429
520,-2879.0,0.09020230155978684,345.89288330078125,0.615,0.07,0.264,0.7285714285714285
521,-858.0,0.09732723977036326,331.08966064453125,0.71,0.0425,0.402,0.27285714285714285
522,-3212.0,0.10673611296286774,234.5638427734375,0.795,0.21,0.396,0.1414285714285714
523,-2301.0,0.12790696679231978,389.6094055175781,0.545,0.1025,0.413,0.3757142857142857
524,-1594.0,0.14385889214099734,301.10540771484375,0.735,0.08,0.379,0.17
525,248.0,0.11405515531077981,403.09735107421875,0.625,0.095,0.298,0.3785714285714287
526,368.0,0.1275545365403689,513.668212890625,0.59,0.055,0.255,0.7271428571428572
527,-2902.0,0.14122938888353279,400.9224853515625,0.49,0.1725,0.34,0.27285714285714285
528,-2109.0,0.18415528119138408,429.6125183105469,0.595,0.0225,0.383,0.482857142857143
529,-3818.0,0.20591671100139916,356.4966735839844,0.67,0.04,0.393,0.45428571428571446
530,-1836.0,0.17096295622832258,435.7195129394531,0.565,0.04,0.335,0.5357142857142859
531,-3626.0,0.15885726183478255,412.66552734375,0.635,0.08,0.437,0.36714285714285727
532,-1150.0,0.2337289939184432,248.57774353027344,0.76,0.0875,0.454,0.4928571428571428
533,-353.0,0.1624701517700617,459.1611328125,0.615,0.025,0.36,0.35428571428571426
534,-2219.0,0.12254043698339956,385.7577209472656,0.78,0.04,0.475,0.24857142857142858
535,-1363.0,0.12081245763848918,306.15264892578125,0.55,0.0075,0.455,0.6085714285714285
536,-722.0,0.12075393539791028,511.13726806640625,0.665,0.1075,0.283,0.4871428571428572
537,-1369.0,0.08654480748685144,327.0955810546875,0.505,0.005,0.41,0.3685714285714286
538,-626.0,0.11834930361094718,432.56365966796875,0.57,0.0075,0.355,0.36428571428571427
539,-2260.0,0.2040970783096522,325.5816955566406,0.63,0.05,0.411,0.5042857142857143
540,-1712.0,0.11795994893275617,387.38397216796875,0.505,0.02,0.422,0.37000000000000005
541,-2714.0,0.15001595734377457,276.8457336425781,0.605,0.01,0.444,0.5
542,-1454.0,0.1529186858408918,294.9622497558594,0.685,0.0375,0.366,0.4785714285714286
543,-3632.0,0.1417332634570942,395.209228515625,0.505,0.0,0.454,0.3957142857142858
544,-1199.0,0.1652643026037757,404.4612731933594,0.82,0.0975,0.421,0.20428571428571432
545,-2568.0,0.16021443597128382,287.9131164550781,0.705,0.045,0.38,0.2357142857142857
546,-1719.0,0.16275876750296447,347.7603759765625,0.53,0.0825,0.397,0.49000000000000016
547,-1207.0,0.13077706119760737,258.9075012207031,0.535,0.0025,0.376,0.6171428571428572
548,-1679.0,0.12026420701503023,404.0694885253906,0.585,0.0375,0.439,0.2785714285714286
549,-4154.0,0.0700772411718,336.5835876464844,0.67,0.0575,0.346,0.5071428571428572
550,-1261.0,0.11346395195557436,274.4722595214844,0.585,0.0,0.453,0.41000000000000003
551,-1410.0,0.13141698738659865,225.4813232421875,0.59,0.0175,0.413,0.49857142857142855
552,-2650.0,0.1579925357961786,309.982177734375,0.545,0.0025,0.417,0.6157142857142858
553,-1594.0,0.1564171481786616,276.019775390625,0.54,0.0,0.381,0.6171428571428572
554,-3604.0,0.16791184932403017,310.6090087890625,0.63,0.0425,0.369,0.4571428571428573
555,-1226.0,0.15915739668032206,261.9034729003906,0.605,0.0075,0.445,0.3800000000000003
556,-1305.0,0.1675902448530126,327.53240966796875,0.57,0.085,0.335,0.3614285714285714
557,-1441.0,0.15418708171845147,347.2947998046875,0.47,0.0075,0.438,0.37142857142857144
558,-949.0,0.15280384605440694,329.00469970703125,0.69,0.03,0.412,0.2342857142857143
559,-1880.0,0.16914184080061595,284.26019287109375,0.68,0.055,0.414,0.20285714285714293
560,-1181.0,0.1453954202370369,329.3247985839844,0.595,0.0025,0.49,0.5057142857142857
561,-1922.0,0.12232425099396746,311.85369873046875,0.52,0.0175,0.418,0.4714285714285715
562,-3739.0,0.154699263594791,272.9964904785156,0.545,0.0,0.313,0.3757142857142857
563,-2203.0,0.17234746919088398,321.6309814453125,0.705,0.1325,0.43,0.1942857142857144
564,-2717.0,0.1349447282160067,334.8916015625,0.62,0.075,0.365,0.31714285714285717
565,-3115.0,0.11778548348775075,262.6504211425781,0.57,0.0125,0.423,0.6214285714285713
566,-3504.0,0.11110454296171415,336.4458312988281,0.705,0.09,0.403,0.1585714285714286
567,-363.0,0.11647985493410877,423.10711669921875,0.77,0.4125,0.19,0.6342857142857142
568,-2282.0,0.14180632815571567,348.5511169433594,0.645,0.0575,0.387,0.3685714285714286
569,-2763.0,0.1507702800133432,362.3739013671875,0.58,0.1225,0.349,0.3742857142857143
570,248.0,0.13219558729802625,345.4662780761719,0.59,0.045,0.409,0.37000000000000005
571,-560.0,0.1437828633596447,267.0461120605469,0.715,0.05,0.381,0.4857142857142857
572,-1230.0,0.16694712266533834,236.0638427734375,0.89,0.185,0.423,0.1600000000000002
573,-2031.0,0.20118334169403948,317.10430908203125,0.7,0.09,0.357,0.2342857142857143
574,-3198.0,0.2072548589751802,292.2497253417969,0.635,0.0125,0.309,0.46714285714285725
575,-2754.0,0.13675973633404023,343.490966796875,0.785,0.1525,0.415,0.12714285714285714
576,-1340.0,0.1578685797856971,384.1873779296875,0.625,0.09,0.39,0.3757142857142857
577,-3329.0,0.19253489476250252,392.8345642089844,0.67,0.045,0.392,0.26857142857142857
578,-3344.0,0.2089407290628255,352.03704833984375,0.63,0.055,0.376,0.12428571428571429
579,-646.0,0.18320602091989713,360.5006103515625,0.82,0.0325,0.509,0.3957142857142858
580,-633.0,0.15906782342790393,312.35284423828125,0.58,0.075,0.396,0.29000000000000004
581,-2515.0,0.11552058861499452,333.6304931640625,0.63,0.065,0.313,0.49428571428571433
582,-1325.0,0.16467637362230952,305.3761291503906,0.615,0.02,0.391,0.562857142857143
583,-686.0,0.1661360227034103,423.9738464355469,0.715,0.0675,0.283,0.6157142857142858
584,-2127.0,0.20883850089740008,353.0150146484375,0.695,0.0425,0.363,0.28285714285714286
585,-3320.0,0.22423066998297664,331.06982421875,0.675,0.0625,0.4,0.24142857142857146
586,-2444.0,0.2371752969629597,390.5018615722656,0.555,0.0075,0.428,0.3871428571428571
587,-477.0,0.19121898618530914,375.91448974609375,0.72,0.18,0.339,0.4814285714285715
588,-3149.0,0.24729446263102414,374.7586364746094,0.545,0.025,0.428,0.39285714285714285
589,-1678.0,0.18852999372549156,477.3741149902344,0.585,0.065,0.35,0.39142857142857157
590,-748.0,0.1965240357219175,267.0876159667969,0.64,0.0325,0.388,0.48999999999999994
591,-1784.0,0.29938508941891734,523.8718872070312,0.78,0.165,0.401,0.1642857142857143
592,-2819.0,0.2712046107241934,293.9486389160156,0.615,0.035,0.412,0.5814285714285715
593,-1564.0,0.2381703781887024,322.8410949707031,0.805,0.1625,0.362,0.11428571428571428
594,-2484.0,0.3457163522585428,357.3897705078125,0.74,0.175,0.37,0.18714285714285722
595,-1651.0,0.20855138770847198,373.9455871582031,0.775,0.085,0.41,0.22999999999999998
596,-2991.0,0.26989946207270676,399.6044006347656,0.565,0.1325,0.38,0.28428571428571436
597,-2540.0,0.2396105653221769,350.5306396484375,0.52,0.0175,0.406,0.39999999999999997
598,-362.0,0.26156143191474257,358.0246276855469,0.635,0.0825,0.34,0.7171428571428572
599,-2880.0,0.3491640219415006,362.8363342285156,0.69,0.0675,0.33,0.29142857142857154
600,-1015.0,0.180657358091204,440.47601318359375,0.715,0.275,0.301,0.11857142857142856
601,-2127.0,0.2956678409323753,299.52227783203125,0.81,0.11,0.384,0.12714285714285714
602,-1431.0,0.28324223579693353,268.9756774902344,0.67,0.01,0.403,0.5057142857142857
603,-2366.0,0.34000490854668897,346.8883056640625,0.76,0.09,0.45,0.25285714285714284
604,-2040.0,0.21995639334376652,427.006103515625,0.555,0.01,0.394,0.37
605,-1426.0,0.21024490414908673,360.6832275390625,0.555,0.125,0.357,0.24571428571428575
606,-1365.0,0.1540190279759242,314.0829772949219,0.57,0.0225,0.398,0.6171428571428572
607,-2721.0,0.2623297843232909,493.7371520996094,0.71,0.2375,0.399,0.47571428571428587
608,-2315.0,0.17185550754376372,347.6667785644531,0.625,0.03,0.384,0.4914285714285715
609,-3035.0,0.22630730462385276,379.84722900390625,0.65,0.2125,0.324,0.5285714285714288
610,-480.0,0.2820441446762873,393.8167419433594,0.575,0.0275,0.284,0.6514285714285716
611,-2574.0,0.30921899022775634,250.10662841796875,0.67,0.035,0.441,0.332857142857143
612,-1350.0,0.2949854895440304,397.8230895996094,0.645,0.1275,0.355,0.13714285714285715
613,-1736.0,0.2709212892197164,291.4754943847656,0.825,0.1825,0.382,0.16285714285714287
614,-1448.0,0.26449884277930585,393.79144287109375,0.795,0.27,0.241,0.6128571428571429
615,-3066.0,0.23459648448104936,404.0600280761719,0.655,0.0275,0.363,0.25
616,-1303.0,0.2505313820604767,287.9028625488281,0.75,0.0075,0.473,0.46142857142857147
617,-391.0,0.32462703043347574,288.2527160644531,0.53,0.0725,0.373,0.5685714285714286
618,-1972.0,0.18516131177758716,446.8105773925781,0.675,0.1175,0.396,0.24285714285714294
619,-2433.0,0.19713051604256698,555.0340576171875,0.67,0.065,0.425,0.25999999999999995
620,-1428.0,0.253860108400009,247.9779052734375,0.725,0.145,0.438,0.4071428571428573
621,-2747.0,0.2343319197550175,442.5849914550781,0.555,0.0725,0.406,0.2528571428571429
622,-3426.0,0.21510873510383785,338.3317565917969,0.52,0.04,0.373,0.3528571428571428
623,-3098.0,0.2463893826991677,294.8614196777344,0.63,0.0675,0.451,0.44000000000000006
624,-2806.0,0.22059371413654713,292.67718505859375,0.585,0.0075,0.422,0.4842857142857144
625,-2406.0,0.25219260905578267,316.8517150878906,0.765,0.1075,0.419,0.5357142857142858
626,-2565.0,0.2653031636462921,422.9416809082031,0.525,0.0925,0.331,0.37000000000000005
627,-1769.0,0.26293207049041356,269.5033264160156,0.715,0.0475,0.41,0.33857142857142886
628,-2523.0,0.3157940395878021,272.5091857910156,0.715,0.17,0.33,0.1542857142857143
629,-172.0,0.23458223659274932,379.1136474609375,0.645,0.0525,0.283,0.23857142857142863
630,-2699.0,0.31609289169526683,326.65576171875,0.615,0.155,0.374,0.3985714285714286
631,-2911.0,0.33608636249612445,312.9080505371094,0.56,0.0075,0.374,0.62
632,-2008.0,0.3600031353713088,516.8999633789062,0.73,0.1325,0.392,0.12
633,-1291.0,0.3100883672637532,429.99578857421875,0.57,0.0175,0.329,0.5114285714285716
634,493.0,0.3743621447257673,342.8269348144531,0.72,0.19,0.292,0.24714285714285714
635,-1538.0,0.29655595897877773,336.7680969238281,0.575,0.0875,0.384,0.38428571428571434
636,-641.0,0.30569119499081615,424.7774963378906,0.605,0.0675,0.274,0.4485714285714287
637,916.0,0.28045127457776936,597.7778930664062,0.65,0.1175,0.272,0.35428571428571437
638,-498.0,0.3629384047718694,324.9710693359375,0.85,0.1975,0.33,0.6142857142857142
639,-2357.0,0.25059874226332923,472.0177917480469,0.695,0.1075,0.416,0.23142857142857154
640,-3911.0,0.24928075750852127,424.2669982910156,0.745,0.0825,0.383,0.2914285714285714
641,-2264.0,0.2749287902741863,327.7698669433594,0.6,0.0375,0.392,0.4100000000000001
642,-194.0,0.2312962360151037,427.6004943847656,0.51,0.0575,0.389,0.3757142857142857
643,-1673.0,0.24602054455720332,267.9430847167969,0.695,0.0375,0.445,0.5614285714285716
644,-1347.0,0.25881980050533976,568.6231079101562,0.625,0.07,0.322,0.5614285714285717
645,-1182.0,0.31263227256619885,383.81317138671875,0.805,0.115,0.46,0.26285714285714296
646,-1833.0,0.3120334327663191,337.5555725097656,0.595,0.0875,0.341,0.3871428571428572
647,-2823.0,0.36647723447614616,466.3559265136719,0.64,0.0175,0.365,0.5014285714285714
648,-2902.0,0.40713313552883584,351.9951477050781,0.685,0.04,0.401,0.25999999999999995
649,-2822.0,0.266421179047029,482.5645446777344,0.635,0.045,0.393,0.3685714285714286
650,-1814.0,0.3183610165675158,353.5362243652344,0.74,0.065,0.437,0.25285714285714284
651,-3248.0,0.3516201696805053,431.84588623046875,0.665,0.0675,0.372,0.2871428571428572
652,-2208.0,0.24342648956007906,283.0732727050781,0.775,0.0975,0.434,0.4614285714285716
653,-2328.0,0.3636826227936711,380.2136535644531,0.68,0.055,0.393,0.4928571428571429
654,-1724.0,0.31710542926261304,372.66412353515625,0.65,0.0675,0.369,0.4914285714285715
655,-3616.0,0.3539436619414898,419.114013671875,0.705,0.08,0.38,0.27285714285714285
656,-1435.0,0.15840275168739026,403.9612121582031,0.695,0.17,0.365,0.2342857142857143
657,-1448.0,0.3682024464308467,335.6269836425781,0.755,0.12,0.351,0.2542857142857143
658,-2521.0,0.5190765080478741,406.98931884765625,0.725,0.13,0.327,0.17
659,-1400.0,0.32710602176095044,414.47021484375,0.81,0.105,0.39,0.12428571428571432
660,-3269.0,0.5746384665840846,384.12408447265625,0.755,0.1425,0.348,0.2414285714285715
661,-3243.0,0.47264874715308125,316.7349548339844,0.835,0.2075,0.423,0.1928571428571429
662,-973.0,0.4360007996292552,479.7343444824219,0.495,0.04,0.332,0.5
663,-1317.0,0.46495235841419863,396.7174987792969,0.81,0.44,0.211,0.6114285714285714
664,-2852.0,0.45106373061571503,381.05450439453125,0.515,0.065,0.349,0.28571428571428575
665,-2343.0,0.3456654294807647,514.9794311523438,0.875,0.125,0.405,0.18
666,-936.0,0.5165163444778175,377.1635437011719,0.715,0.22,0.313,0.36428571428571427
667,-591.0,0.4848629930763439,349.50738525390625,0.85,0.13,0.397,0.23857142857142868
668,-2907.0,0.4181927863168572,418.05401611328125,0.725,0.04,0.383,0.21857142857142858
669,-1605.0,0.4543481172232922,432.99346923828125,0.725,0.0475,0.399,0.3742857142857143
670,-2722.0,0.575583565591452,404.94830322265625,0.725,0.0975,0.417,0.2742857142857143
671,-2660.0,0.4927504514208912,359.16064453125,0.58,0.0525,0.356,0.44857142857142857
672,-1665.0,0.6717052827547637,413.6766357421875,0.74,0.1775,0.289,0.49428571428571433
673,-3177.0,0.6537730306143723,346.9740905761719,0.59,0.09,0.345,0.5042857142857143
674,100.0,0.5820354040845684,340.9297180175781,0.755,0.2,0.309,0.6128571428571429
675,-1689.0,0.6080229508858922,363.1158142089844,0.55,0.0175,0.398,0.6185714285714285
676,-1474.0,0.7186415510306168,288.1233825683594,0.55,0.14,0.358,0.39142857142857146
677,-1931.0,0.45440876660151325,399.2835388183594,0.605,0.0575,0.364,0.39571428571428585
678,-2803.0,0.5211303340318929,472.43267822265625,0.76,0.1575,0.395,0.2542857142857143
679,-357.0,1.0194146353179738,496.615966796875,0.625,0.07,0.322,0.6042857142857144
680,-1150.0,0.5027562963914534,402.56036376953125,0.58,0.06,0.338,0.4128571428571432
681,-2108.0,0.8138240510564044,284.22967529296875,0.66,0.1025,0.413,0.4642857142857144
682,-887.0,0.6132879212018452,366.994873046875,0.78,0.0675,0.394,0.2157142857142858
683,-570.0,0.5715811853011213,375.1919860839844,0.6,0.0875,0.274,0.7385714285714285
684,-797.0,0.47174609508770765,475.19488525390625,0.58,0.0525,0.283,0.3828571428571429
685,-2083.0,0.6966608509083017,469.5306091308594,0.625,0.15,0.344,0.3000000000000001
686,114.0,0.6509747212611339,510.1875,0.605,0.0675,0.29,0.6185714285714284
687,-1166.0,1.0569651383401444,444.176513671875,0.59,0.0275,0.326,0.4914285714285715
688,-930.0,0.8633968175441363,387.4728698730469,0.575,0.0,0.456,0.4200000000000002
689,-907.0,0.54102163844956,374.8902587890625,0.7,0.0875,0.423,0.25285714285714284
690,-189.0,0.7468090097110169,477.26629638671875,0.61,0.09,0.274,0.562857142857143
691,92.0,0.8224162152037024,472.6379699707031,0.725,0.2725,0.239,0.61
692,-4012.0,0.7676708193918914,358.7767639160156,0.605,0.0,0.433,0.41857142857142854
693,-959.0,0.9439809470033131,415.3066101074219,0.575,0.035,0.367,0.3271428571428574
694,-2694.0,0.9771232648306197,305.2948913574219,0.61,0.0175,0.458,0.62
695,-2685.0,0.9480627229284957,331.5662536621094,0.66,0.025,0.392,0.6128571428571429
696,-3061.0,1.0394366605983774,423.0065002441406,0.53,0.03,0.378,0.3785714285714286
697,-464.0,1.1440633865698016,405.0115966796875,0.7,0.09,0.32,0.6385714285714288
698,-423.0,1.4672650695213503,484.4188232421875,0.835,0.395,0.197,0.6171428571428572
699,-398.0,1.3291126326559086,232.1195068359375,0.86,0.075,0.386,0.3642857142857143
700,-4303.0,0.615060389318387,387.27813720703125,0.77,0.1025,0.425,0.2485714285714286
701,-1392.0,0.6046960134104405,294.9842224121094,0.845,0.055,0.371,0.36714285714285716
702,-2514.0,0.8015204268423466,348.8008728027344,0.705,0.0875,0.434,0.5085714285714287
703,-690.0,1.7398682714296487,359.8847961425781,0.675,0.045,0.35,0.4742857142857143
704,-3210.0,1.1282103528459888,282.5124816894531,0.54,0.0025,0.45,0.36142857142857154
705,-3343.0,0.894553911033654,432.9693908691406,0.685,0.105,0.389,0.26142857142857145
706,-923.0,1.694683229360505,290.037109375,0.835,0.075,0.397,0.24714285714285714
707,-3239.0,1.223842745163503,308.4334716796875,0.67,0.06,0.377,0.2657142857142857
708,-2416.0,1.6610247265955747,251.51609802246094,0.575,0.0825,0.383,0.6100000000000001
709,-1684.0,1.1081697222206068,265.688720703125,0.57,0.05,0.35,0.5
710,-1510.0,0.7704326319419904,375.04315185546875,0.58,0.085,0.354,0.49285714285714294
711,-2135.0,2.343135204758645,462.4142761230469,0.77,0.185,0.333,0.27285714285714296
712,-967.0,1.4512640627056368,316.1981201171875,0.715,0.1175,0.436,0.48857142857142855
713,-1465.0,2.003862210335553,314.93695068359375,0.905,0.07,0.449,0.17285714285714288
714,-2054.0,2.388983144078208,355.1650085449219,0.545,0.0075,0.34,0.5971428571428573
715,-948.0,1.8510254209644958,383.96282958984375,0.69,0.175,0.224,0.6128571428571429
716,-2181.0,2.776277949759138,348.20697021484375,0.86,0.19,0.421,0.13714285714285715
717,-462.0,2.3060939284446897,381.2049560546875,0.655,0.1125,0.263,0.6114285714285714
718,-4407.0,2.498595202887892,367.02520751953125,0.66,0.11,0.336,0.28571428571428575
719,-3380.0,1.8943021760785217,394.4247741699219,0.695,0.0775,0.402,0.23571428571428577
720,-1052.0,3.4075164454310913,344.29010009765625,0.425,0.0025,0.444,0.3671428571428571
721,-3724.0,3.8802650111356343,340.2286376953125,0.75,0.3325,0.287,0.4928571428571428
722,-2240.0,4.351467729704901,345.67718505859375,0.68,0.135,0.336,0.3342857142857144
723,-3343.0,3.4694343539787433,302.5171813964844,0.635,0.035,0.368,0.32428571428571434
724,-4049.0,2.918580144196572,299.42431640625,0.66,0.1975,0.362,0.4428571428571429
725,-2132.0,5.09395518115837,456.753662109375,0.775,0.14,0.398,0.23857142857142874
726,-2125.0,4.340518643103288,314.9496765136719,0.76,0.05,0.447,0.25285714285714284
727,-1122.0,2.8431712362796264,283.8235168457031,0.685,0.1125,0.341,0.5057142857142857
728,-2638.0,3.7608162682000903,301.4253845214844,0.53,0.0175,0.359,0.6214285714285713
729,-3019.0,2.9020081124012256,320.8908386230469,0.535,0.05,0.382,0.6228571428571428
730,-2912.0,3.350674235430883,381.6297607421875,0.565,0.1975,0.345,0.3757142857142858
731,-3644.0,5.140569894612521,486.07568359375,0.69,0.1175,0.363,0.4785714285714287
732,-1429.0,2.503351628346406,306.8380126953125,0.91,0.095,0.404,0.37000000000000005
733,-748.0,2.486393715584979,361.42578125,0.635,0.14,0.251,0.5914285714285716
734,-1493.0,5.91846196818733,367.94061279296875,0.87,0.4825,0.216,0.6200000000000001
735,-1951.0,6.202860246299159,365.27606201171875,0.66,0.075,0.387,0.3000000000000001
736,434.0,8.294907280314094,420.1896057128906,0.665,0.0775,0.281,0.6042857142857143
737,-1837.0,9.634111431976635,310.0108337402344,0.77,0.18,0.341,0.25999999999999995
738,-3378.0,6.183159134020181,362.825927734375,0.745,0.185,0.377,0.24857142857142858
739,-2702.0,7.579934764944483,395.2524719238281,0.58,0.065,0.362,0.45285714285714296
740,-4331.0,9.138131622116946,289.1588439941406,0.895,0.1175,0.369,0.18000000000000024
741,246.0,7.807400589393312,434.675048828125,0.825,0.4875,0.202,0.6128571428571429
742,-2794.0,6.119585385414082,383.866943359375,0.655,0.0675,0.408,0.34714285714285725
743,-299.0,5.765691693684078,395.44573974609375,0.64,0.0975,0.323,0.13714285714285718
744,-49.0,6.191105283094138,455.1697998046875,0.755,0.1475,0.309,0.4814285714285715
745,-2968.0,6.203235112505873,395.5445251464844,0.57,0.1075,0.36,0.35142857142857153
746,742.0,3.973168021233765,517.3602294921875,0.71,0.1125,0.257,0.37000000000000016
747,-596.0,4.786677335701305,403.9708557128906,0.73,0.2075,0.272,0.43571428571428583
748,-1663.0,6.009468026829252,409.0337219238281,0.59,0.0425,0.368,0.4000000000000001
749,-930.0,8.866225619337845,540.8209838867188,0.555,0.0375,0.313,0.5100000000000001
750,-2246.0,3.8879516292254266,371.5901184082031,0.625,0.05,0.404,0.4471428571428572
751,-2682.0,0.35976960374734646,518.8712158203125,0.73,0.07,0.437,0.2657142857142857
752,-516.0,8.984960794264614,298.2562255859375,0.555,0.04,0.384,0.36
753,384.0,4.239731636845265,492.6625671386719,0.71,0.15,0.245,0.6200000000000001
754,476.0,10.838718721941405,392.9474182128906,0.675,0.06,0.287,0.61
755,-734.0,12.357284438351988,488.6026306152344,0.57,0.105,0.318,0.2842857142857143
756,174.0,11.686379799876834,419.32867431640625,0.58,0.0725,0.293,0.6257142857142861
757,-2741.0,7.055411503775498,318.3258972167969,0.615,0.0225,0.424,0.6171428571428572
758,412.0,8.708845199033542,447.3351135253906,0.55,0.04,0.239,0.7299999999999999
759,620.0,13.778414372093332,574.4502563476562,0.715,0.1225,0.224,0.48714285714285716
760,-2310.0,4.2315540278629795,389.1314392089844,0.715,0.02,0.429,0.48857142857142855
761,-1650.0,0.3575039770424025,271.27386474609375,0.86,0.11,0.391,0.38
762,-1706.0,7.982990989948511,425.3578186035156,0.575,0.02,0.386,0.6171428571428572
763,-408.0,5.592558646371929,408.5684509277344,0.63,0.0075,0.481,0.31
764,-3362.0,8.14071825373581,330.4267272949219,0.61,0.215,0.367,0.5028571428571429
765,167.0,9.460090220378854,412.5593566894531,0.655,0.12,0.282,0.27857142857142875
766,-671.0,7.335259256736857,456.8985900878906,0.56,0.0375,0.366,0.3042857142857144
767,-604.0,9.532405406355142,408.0939025878906,0.72,0.36,0.205,0.6285714285714287
768,-2504.0,7.13838140268386,352.1915588378906,0.755,0.19,0.43,0.32714285714285735
769,-311.0,7.681177778293724,347.8549499511719,0.625,0.0725,0.289,0.6385714285714286
770,-594.0,9.67159259800558,443.4170227050781,0.865,0.395,0.196,0.6171428571428571
771,-487.0,14.250286513498784,468.8270568847656,0.595,0.05,0.313,0.42142857142857143
772,-2177.0,17.1680738837505,398.86944580078125,0.885,0.4025,0.214,0.6214285714285716
773,81.0,8.11349887585311,471.8069763183594,0.595,0.0975,0.239,0.5957142857142859
774,624.0,9.205264416651646,580.84326171875,0.635,0.05,0.266,0.3342857142857146
775,-1838.0,12.696413562778616,417.4270324707031,0.65,0.1275,0.376,0.2228571428571429
776,-1065.0,5.578718601557349,395.8288269042969,0.68,0.065,0.403,0.47714285714285715
777,-1803.0,13.589082915752183,540.0318603515625,0.79,0.34,0.195,0.6257142857142858
778,-2251.0,10.588558688798262,425.0196838378906,0.61,0.04,0.329,0.6871428571428572
779,-720.0,10.255192579717654,570.741943359375,0.605,0.0775,0.295,0.5
780,-777.0,16.6208114630946,313.9476318359375,0.75,0.055,0.413,0.6142857142857142
781,-2566.0,10.427940436698918,376.4967346191406,0.675,0.135,0.435,0.34714285714285725
782,-2343.0,15.85931753375293,330.9828796386719,0.58,0.015,0.431,0.6157142857142857
783,-729.0,21.299839126845264,346.3021240234375,0.72,0.0775,0.402,0.22571428571428576
784,-1418.0,14.254542870580346,435.4421691894531,0.6,0.015,0.3,0.6128571428571429
785,-2625.0,19.36846091312405,283.7151184082031,0.54,0.0,0.428,0.6257142857142861
786,-1735.0,25.74739851622248,337.0400695800781,0.74,0.195,0.283,0.49571428571428583
787,-2083.0,22.17508700792132,317.8780517578125,0.68,0.16,0.401,0.45857142857142863
788,-4303.0,24.737864763399298,475.7904357910156,0.625,0.1675,0.418,0.2985714285714286
789,-1509.0,18.606460355182467,372.03900146484375,0.48,0.005,0.502,0.3685714285714286
790,-1237.0,30.142009810214272,385.9967956542969,0.55,0.145,0.357,0.1585714285714286
791,-1451.0,28.96406394868453,378.5314025878906,0.645,0.0725,0.366,0.39142857142857146
792,-2053.0,18.383318348643506,373.0933532714844,0.665,0.0025,0.371,0.3514285714285714
793,-796.0,65.47241906676469,381.2808837890625,0.84,0.375,0.204,0.6185714285714285
794,-2546.0,24.537530364445306,246.16810607910156,0.575,0.0425,0.404,0.62
795,494.0,32.983042822481885,500.7308044433594,0.57,0.0075,0.275,0.5814285714285715
796,-2570.0,22.009376508291876,351.9685974121094,0.595,0.0075,0.471,0.40142857142857163
797,-1945.0,18.67466205630496,326.9229431152344,0.58,0.0925,0.416,0.36428571428571427
798,-618.0,33.26730236458492,410.32855224609375,0.66,0.0525,0.39,0.48000000000000004
799,-385.0,18.962688571315603,419.860107421875,0.82,0.0525,0.501,0.12
800,661.0,24.204860768240906,366.6426696777344,0.72,0.15,0.262,0.3500000000000001
801,748.0,64.07105070857142,378.78582763671875,0.685,0.14,0.278,0.292857142857143
802,-3685.0,31.473817235589063,336.8910217285156,0.76,0.055,0.416,0.26857142857142857
803,-1825.0,30.621869928738306,331.2223815917969,0.65,0.01,0.431,0.6142857142857144
804,-452.0,33.6655066268925,433.4180603027344,0.695,0.285,0.218,0.43428571428571433
805,-3677.0,32.517223977512,323.0086364746094,0.555,0.01,0.495,0.37857142857142856
806,-1529.0,26.278341621310183,410.3437805175781,0.67,0.1275,0.378,0.24285714285714283
807,-622.0,32.94598779871948,393.6812438964844,0.51,0.0375,0.314,0.71
808,-783.0,15.669076008366185,354.24853515625,0.685,0.0625,0.411,0.28714285714285737
809,-817.0,30.741060123097277,448.3494567871094,0.52,0.03,0.394,0.3757142857142857
810,-3423.0,26.14123328700693,432.327392578125,0.785,0.0675,0.389,0.25857142857142856
811,-600.0,24.720249895482215,388.8521728515625,0.56,0.0575,0.397,0.3814285714285714
812,-3041.0,50.93150555496504,366.37109375,0.66,0.0175,0.411,0.5028571428571429
813,-3747.0,28.235199315718223,273.2526550292969,0.55,0.13,0.373,0.37714285714285717
814,-203.0,32.94666173650616,375.3692626953125,0.715,0.185,0.404,0.22571428571428573
815,-346.0,24.470229992521904,275.5997314453125,0.585,0.01,0.383,0.6071428571428571
816,-1759.0,63.480159291700794,510.1062927246094,0.665,0.0725,0.319,0.5371428571428571
817,-239.0,41.73940937680618,303.7511901855469,0.925,0.1225,0.433,0.3828571428571429
818,-1813.0,32.608822004032845,380.810791015625,0.7,0.22,0.378,0.3357142857142858
819,-1852.0,70.73203658262926,304.38128662109375,0.805,0.195,0.331,0.3142857142857144
820,-1871.0,31.508360081780797,289.6310119628906,0.905,0.0675,0.46,0.37142857142857144
821,-1337.0,37.598780109046594,324.8059387207031,0.565,0.035,0.455,0.44285714285714295
822,-562.0,35.11537307463784,415.0599670410156,0.64,0.0625,0.365,0.25142857142857145
823,-1409.0,57.09342949192251,510.1819763183594,0.725,0.1725,0.265,0.5742857142857142
824,-431.0,59.4426780715855,289.6197204589844,0.825,0.095,0.468,0.4957142857142857
825,-2203.0,124.84599687510152,462.4073181152344,0.795,0.18,0.425,0.1357142857142857
826,-1857.0,41.219379871000584,398.4172668457031,0.605,0.0575,0.357,0.5357142857142858
827,-1784.0,54.23299195668577,249.2474822998047,0.615,0.005,0.421,0.49571428571428583
828,-1951.0,44.47507806806867,353.0918884277344,0.78,0.035,0.452,0.2657142857142857
829,-2503.0,44.635461072606894,361.1150817871094,0.545,0.04,0.397,0.4185714285714286
830,-131.0,39.49299589956926,432.583984375,0.755,0.1,0.327,0.13714285714285715
831,-3196.0,36.34422792574748,328.7712707519531,0.695,0.1475,0.418,0.27142857142857146
832,-1390.0,61.49787561280261,333.6864929199219,0.66,0.1675,0.401,0.48571428571428565
833,-2380.0,54.73260724703817,333.4216003417969,0.8,0.1675,0.342,0.16285714285714295
834,-1148.0,61.600041220829425,367.71685791015625,0.575,0.0375,0.347,0.6142857142857142
835,-2421.0,81.28990746766353,434.3949890136719,0.52,0.055,0.358,0.35714285714285715
836,-3377.0,59.693018501466476,375.84344482421875,0.715,0.15,0.409,0.23857142857142863
837,-1339.0,106.90058911052152,244.63995361328125,0.58,0.08,0.378,0.6014285714285714
838,-2387.0,36.93270488273577,291.6908264160156,0.705,0.0375,0.432,0.3200000000000003
839,-985.0,72.91681738993091,352.95361328125,0.53,0.05,0.387,0.35571428571428576
840,-2445.0,94.78624622158726,321.1323547363281,0.79,0.06,0.458,0.24285714285714285
841,-2531.0,58.74657148544169,433.07794189453125,0.535,0.185,0.35,0.46000000000000024
842,-669.0,51.76908548718997,329.1283874511719,0.59,0.0,0.401,0.4600000000000001
843,-830.0,59.981932029500186,315.53363037109375,0.705,0.0675,0.437,0.26857142857142857
844,-1376.0,86.0354362960461,259.1386413574219,0.72,0.065,0.438,0.3171428571428572
845,-793.0,25.945983083664032,506.1336364746094,0.675,0.0275,0.348,0.6171428571428572
846,-434.0,47.214158578387206,258.1904296875,0.505,0.045,0.356,0.6071428571428571
847,-607.0,43.19917639859705,293.99993896484375,0.77,0.265,0.296,0.23428571428571437
848,-2269.0,94.87575370097693,353.79083251953125,0.68,0.155,0.365,0.2657142857142857
849,-1848.0,134.31509289303617,329.7983703613281,0.615,0.1075,0.326,0.5071428571428572
850,-2958.0,93.81032259011019,407.6670227050781,0.68,0.1025,0.354,0.1414285714285714
851,343.0,29.716866908996185,281.9548645019531,0.79,0.135,0.275,0.402857142857143
852,-2057.0,60.92433793851732,363.11602783203125,0.59,0.0275,0.446,0.46142857142857147
853,-3211.0,149.5359951030445,390.1862487792969,0.645,0.14,0.265,0.6042857142857143
854,-1008.0,192.27653676567,276.2086181640625,0.785,0.0775,0.417,0.35714285714285754
855,-503.0,27.546317014451365,399.6382141113281,0.83,0.2225,0.389,0.11285714285714286
856,-1568.0,76.6289413190547,251.3264617919922,0.86,0.1325,0.395,0.49142857142857144
857,-1059.0,117.58514229353698,345.6961364746094,0.9,0.4075,0.196,0.6385714285714286
858,-982.0,121.23492303190558,491.65179443359375,0.615,0.015,0.305,0.7342857142857143
859,-1753.0,100.44205779793499,337.62158203125,0.625,0.07,0.336,0.6228571428571428
860,-1150.0,88.54600984124512,451.3536376953125,0.6,0.0475,0.339,0.4942857142857143
861,-2094.0,128.89677591814598,343.1865234375,0.635,0.0,0.41,0.5057142857142857
862,-414.0,113.08643019121051,552.8783569335938,0.555,0.0625,0.324,0.43428571428571433
863,-354.0,61.79300664457436,388.49224853515625,0.825,0.21,0.362,0.3842857142857143
864,-390.0,96.20697786884661,519.0660400390625,0.675,0.1125,0.254,0.61
865,-3210.0,102.44582428889771,347.79278564453125,0.68,0.135,0.337,0.37000000000000005
866,-3325.0,139.0797854981491,396.54241943359375,0.595,0.1725,0.367,0.3771428571428571
867,576.0,100.77939998923466,518.71923828125,0.85,0.375,0.199,0.6200000000000001
868,-483.0,146.49273046005172,471.23577880859375,0.875,0.5,0.191,0.6128571428571429
869,-577.0,107.3989019521458,358.22943115234375,0.76,0.22,0.337,0.5700000000000001
870,-1254.0,199.42821290310636,458.12841796875,0.75,0.345,0.198,0.6171428571428572
871,-808.0,187.34683834731862,415.8121337890625,0.81,0.0425,0.468,0.25857142857142856
872,-4404.0,108.91115567430461,392.6515197753906,0.715,0.2475,0.375,0.26857142857142857
873,-352.0,90.49929120888088,416.0492248535156,0.87,0.21,0.312,0.48714285714285716
874,-2230.0,101.33867639947233,461.4449462890625,0.675,0.0875,0.406,0.2485714285714286
875,327.0,114.38262943681444,345.97314453125,0.81,0.1175,0.294,0.6085714285714285
876,857.0,209.76478655255855,372.81695556640625,0.85,0.12,0.301,0.49000000000000005
877,-29.0,113.79745426554811,408.9496765136719,0.81,0.4375,0.2,0.5585714285714286
878,-1410.0,192.5437339746451,494.4947509765625,0.785,0.3425,0.211,0.62
879,-100.0,121.69468560552923,375.3981628417969,0.81,0.13,0.292,0.4914285714285715
880,328.0,121.81530087218665,374.3002014160156,0.755,0.33,0.193,0.61
881,-2029.0,88.67931777938325,348.65899658203125,0.645,0.085,0.43,0.2485714285714286
882,-1488.0,146.2244993697815,407.5367431640625,0.855,0.4875,0.211,0.6171428571428572
883,484.0,220.28986108348803,485.1966247558594,0.805,0.3125,0.201,0.61
884,-789.0,127.51288246647944,410.4689636230469,0.595,0.0675,0.368,0.37
885,-614.0,122.3997711607886,440.2745056152344,0.725,0.1575,0.299,0.5985714285714285
886,-183.0,135.9236932371579,313.1263732910156,0.76,0.21,0.309,0.6057142857142858
887,-1876.0,101.44441072364187,396.08026123046875,0.825,0.3925,0.204,0.6185714285714285
888,-691.0,141.8923027390522,368.8771057128906,0.595,0.06,0.273,0.6428571428571429
889,-1323.0,128.90868451878072,411.8994140625,0.705,0.0275,0.44,0.5042857142857142
890,-1953.0,111.96910224022317,372.68389892578125,0.81,0.1475,0.414,0.2571428571428572
891,-2959.0,201.1926757346768,314.82879638671875,0.81,0.2925,0.349,0.2857142857142857
892,-2289.0,34.125592748580985,523.9508056640625,0.835,0.4375,0.193,0.6542857142857142
893,-488.0,127.15214899823332,480.26763916015625,0.82,0.47,0.185,0.6071428571428571
894,-252.0,131.96665470929915,391.5877380371094,0.755,0.075,0.409,0.24571428571428575
895,-640.0,106.8933302058171,561.4954223632812,0.78,0.3675,0.202,0.6128571428571429
896,-972.0,189.80910230672777,375.44390869140625,0.81,0.235,0.318,0.4942857142857143
897,119.0,120.84016758713604,619.8098754882812,0.815,0.355,0.189,0.6142857142857142
898,-415.0,152.00824541328413,477.5848693847656,0.785,0.18,0.318,0.6071428571428571
899,427.0,135.12098000508973,369.1221618652344,0.905,0.305,0.3,0.4814285714285715
900,295.0,93.41156691742852,416.03192138671875,0.86,0.145,0.317,0.4814285714285715
901,-964.0,167.946662997565,517.8369140625,0.825,0.1825,0.412,0.1728571428571429
902,-2057.0,211.3553566099568,514.8527221679688,0.835,0.345,0.311,0.602857142857143
903,261.0,180.64212301364205,416.8945007324219,0.77,0.2325,0.307,0.6085714285714285
904,-978.0,157.06911940570822,381.4971008300781,0.55,0.085,0.304,0.7542857142857143
905,-72.0,201.839751826995,375.0044860839844,0.745,0.0925,0.302,0.6214285714285713
906,-1182.0,169.170320364017,420.0296936035156,0.785,0.2425,0.298,0.6171428571428572
907,-471.0,123.6566721310072,403.5322265625,0.58,0.02,0.337,0.7385714285714285
908,-1620.0,149.98470452452602,416.83514404296875,0.755,0.1625,0.313,0.612857142857143
909,-191.0,157.8453822288237,334.9071044921875,0.835,0.375,0.262,0.4928571428571428
910,294.0,31.841997051720163,454.3251953125,0.865,0.22,0.347,0.48000000000000004
911,-238.0,100.27508439908082,485.2183532714844,0.825,0.215,0.263,0.4942857142857143
912,-246.0,254.50098717577308,337.5703430175781,0.79,0.14,0.301,0.6100000000000001
913,-56.0,188.05419858944984,426.03643798828125,0.845,0.3825,0.197,0.6114285714285713
914,-202.0,269.46963226892484,379.30389404296875,0.79,0.145,0.275,0.4814285714285715
915,420.0,123.59457091184335,471.4817199707031,0.785,0.29,0.202,0.61
916,-2711.0,110.99033755570314,421.8288879394531,0.68,0.2425,0.394,0.2871428571428572
917,-231.0,24.80605303750911,502.8302001953125,0.825,0.085,0.319,0.6100000000000001
918,487.0,228.23957871679133,479.71319580078125,0.845,0.395,0.209,0.6085714285714285
919,193.0,168.23460785871157,410.9523010253906,0.825,0.3025,0.322,0.4771428571428572
920,-16.0,52.17696123513205,406.62115478515625,0.82,0.27,0.311,0.48857142857142855
921,-1927.0,153.2430574544851,447.9277648925781,0.625,0.11,0.385,0.25142857142857145
922,838.0,3.0181500584959786,507.9226989746094,0.915,0.5175,0.22,0.6100000000000001
923,650.0,353.7945762306567,595.3278198242188,0.735,0.11,0.274,0.47428571428571437
924,983.0,104.27196746221307,420.59600830078125,0.785,0.2175,0.272,0.12142857142857143
925,459.0,215.46573457679864,486.0968017578125,0.585,0.015,0.31,0.7385714285714285
926,741.0,270.46423259107803,420.4881591796875,0.76,0.155,0.281,0.4957142857142857
927,203.0,213.76191816055248,349.15362548828125,0.745,0.0575,0.302,0.6100000000000001
928,-769.0,263.2965890312589,478.6396179199219,0.765,0.175,0.29,0.6142857142857142
929,217.0,282.94752571803264,411.6227111816406,0.74,0.18,0.308,0.4528571428571429
930,-1603.0,1.3600855023209337,464.50067138671875,0.875,0.45,0.22,0.6257142857142857
931,612.0,150.09180544552615,545.2173461914062,0.78,0.3775,0.199,0.6057142857142858
932,-763.0,243.85507750404057,399.6310119628906,0.545,0.0275,0.321,0.7257142857142858
933,-95.0,281.1311671363801,573.9981689453125,0.71,0.0425,0.336,0.6142857142857142
934,1166.0,198.96693265964444,493.38250732421875,0.77,0.38,0.198,0.61
935,-481.0,357.9536061184273,401.0672912597656,0.785,0.2025,0.288,0.602857142857143
936,-206.0,192.89690678160787,537.2464599609375,0.865,0.38,0.188,0.6171428571428572
937,946.0,214.5746886981308,438.8760681152344,0.835,0.165,0.318,0.48285714285714293
938,262.0,236.57182543103642,498.7226867675781,0.66,0.13,0.337,0.5885714285714286
939,3.0,281.17376618997304,359.03857421875,0.84,0.2125,0.301,0.4842857142857143
940,-171.0,412.8174440444797,353.42755126953125,0.785,0.2125,0.291,0.5457142857142859
941,25.0,446.2414532982979,432.0498046875,0.815,0.165,0.285,0.4842857142857144
942,520.0,595.1793278407926,527.8506469726562,0.895,0.355,0.203,0.6171428571428572
943,1133.0,548.7231396476174,497.4587097167969,0.825,0.4125,0.192,0.6142857142857142
944,-956.0,481.49108444832666,517.227294921875,0.87,0.34,0.329,0.4928571428571429
945,1193.0,89.39626431898925,546.2859497070312,0.87,0.49,0.185,0.6142857142857142
946,930.0,417.6375408702193,437.8609619140625,0.825,0.4175,0.171,0.6142857142857142
947,-1628.0,119.10261401892421,448.0686950683594,0.89,0.54,0.212,0.6285714285714287
948,-391.0,461.07965704255446,512.3084716796875,0.825,0.4825,0.187,0.6128571428571429
949,-2562.0,409.1275141371786,419.2114562988281,0.755,0.0625,0.424,0.2571428571428572
950,66.0,318.256692797985,276.3599548339844,0.625,0.01,0.479,0.4685714285714285
951,110.0,370.10044907963623,463.0514221191406,0.73,0.2225,0.303,0.6042857142857142
952,-2231.0,267.65092832965144,447.61181640625,0.53,0.0275,0.498,0.37857142857142856
953,-419.0,358.5723499245193,406.9244384765625,0.87,0.5,0.19,0.6257142857142857
954,599.0,211.52350827652637,441.80072021484375,0.805,0.05,0.303,0.61
955,-34.0,335.1491772762368,383.9667053222656,0.72,0.1375,0.275,0.6071428571428571
956,-1561.0,436.61867473047977,479.8726806640625,0.825,0.37,0.181,0.6385714285714286
957,-1512.0,348.05377121224177,561.1351318359375,0.665,0.055,0.352,0.665714285714286
958,-201.0,293.81555909290444,628.8450927734375,0.81,0.355,0.178,0.6200000000000001
959,-307.0,418.68243435323217,514.5824584960938,0.835,0.385,0.189,0.6185714285714285
960,656.0,307.92911259239503,571.3816528320312,0.545,0.03,0.265,0.7300000000000002
961,1163.0,394.7424032272351,532.4521484375,0.88,0.3975,0.168,0.6214285714285713
962,1100.0,231.29599462821872,573.7178344726562,0.81,0.42,0.185,0.6128571428571429
963,-1415.0,268.0245650077569,423.9813537597656,0.8,0.3525,0.171,0.6128571428571429
964,1576.0,98.07731824258683,549.9579467773438,0.86,0.4175,0.173,0.6128571428571429
965,846.0,365.769681277899,481.41552734375,0.855,0.39,0.173,0.6071428571428571
966,900.0,422.6760353345318,465.03118896484375,0.84,0.1075,0.287,0.4885714285714286
967,-815.0,463.55490433536136,449.0897216796875,0.715,0.36,0.203,0.63
968,-1435.0,327.9727981526443,593.4186401367188,0.765,0.36,0.193,0.5528571428571428
969,-1393.0,137.59339972963895,488.7177429199219,0.8,0.375,0.194,0.63
970,-248.0,280.3608904924809,465.4559326171875,0.78,0.42,0.178,0.6085714285714285
971,-700.0,386.0895262562507,477.744384765625,0.775,0.3675,0.197,0.6157142857142858
972,190.0,339.97086820031524,380.65618896484375,0.725,0.12,0.29,0.5014285714285714
973,-538.0,356.61804710973854,489.2784423828125,0.78,0.16,0.321,0.6114285714285714
974,373.0,378.1530691126536,367.56292724609375,0.855,0.4875,0.206,0.6100000000000001
975,-704.0,292.2077919935178,471.87933349609375,0.83,0.48,0.187,0.6171428571428572
976,579.0,295.1414552576976,491.5213623046875,0.655,0.09,0.318,0.4842857142857144
977,-60.0,309.126384310692,563.6260375976562,0.785,0.3975,0.17,0.6128571428571429
978,455.0,363.72424444503383,466.02703857421875,0.83,0.45,0.193,0.6128571428571429
979,-1328.0,219.714471957875,340.439453125,0.895,0.45,0.288,0.4885714285714286
980,-223.0,203.68637312243405,423.4713439941406,0.87,0.5425,0.193,0.6114285714285713
981,-1305.0,266.9114544853801,568.1276245117188,0.775,0.2,0.308,0.6100000000000001
982,-921.0,412.03493277767694,393.18914794921875,0.82,0.155,0.335,0.4885714285714286
983,255.0,400.7001344131209,377.3246154785156,0.775,0.0725,0.326,0.4814285714285715
984,-1009.0,154.67170655131798,471.5237121582031,0.8,0.3975,0.212,0.6171428571428572
985,-1597.0,377.3495184206716,525.56591796875,0.585,0.155,0.334,0.5457142857142857
986,49.0,418.9256774622471,525.3758544921875,0.72,0.1025,0.295,0.6071428571428571
987,618.0,469.77495293451983,421.7588806152344,0.865,0.3825,0.289,0.4842857142857143
988,105.0,94.26956733357345,461.8125,0.85,0.1925,0.299,0.48571428571428577
989,500.0,528.7348787531531,431.153076171875,0.715,0.1075,0.317,0.6214285714285713
990,693.0,459.46875321678715,412.64178466796875,0.865,0.2625,0.232,0.4985714285714286
991,-752.0,516.6632834235331,396.4473571777344,0.795,0.1275,0.327,0.5928571428571429
992,-54.0,603.3042389496607,496.6783752441406,0.835,0.1825,0.305,0.49428571428571433
993,749.0,289.454157380752,471.65533447265625,0.86,0.4575,0.192,0.61
994,113.0,418.31421037023495,495.7265930175781,0.885,0.1825,0.314,0.49000000000000005
995,683.0,538.8572415304714,404.43603515625,0.9,0.4825,0.205,0.6128571428571429
996,-1449.0,575.6707082320036,443.5964660644531,0.82,0.2075,0.308,0.6028571428571429
997,-144.0,357.3486138449568,476.1007080078125,0.815,0.2525,0.212,0.6128571428571429
998,-2354.0,438.3043906517622,553.08203125,0.615,0.045,0.317,0.5214285714285717
999,-704.0,492.83752332676914,473.1062927246094,0.865,0.415,0.185,0.6185714285714285
1000,149.0,591.4995784740867,472.3699035644531,0.85,0.1,0.317,0.6142857142857144
